{
  "action": "updated",
  "company_id": "",
  "type": "history",
  "data": {
    "machine_history_id": "0272F957BD0341919F2F125937D70A3D",
    "machine_id": "REC00007",
    "machine_history_started": "2025-08-18 07:10:00.000000",
    "machine_history_finished": "2025-08-18 10:03:18.762249",
    "machine_history_sensor_status": "OFFLINE",
    "machine_history_production_status": "Parada",
    "machine_history_shift_id": "",
    "machine_history_shift_name": "TURNO ADM",
    "machine_history_shift_start": "2025-08-18 14:30:00.000000",
    "machine_history_shift_avaliable": "Disponível",
    "machine_history_shift_date_to_report": "2025-08-18 00:00:00.000000",
    "machine_history_shift_end": "2025-08-18 14:40:00.000000",
    "machine_history_user_shop_floor_id": "",
    "machine_history_production_title": "",
    "machine_history_user_shop_floor_name": "",
    "machine_history_production_id": "",
    "machine_history_downtime_id": "",
    "machine_history_downtime_name": "",
    "machine_history_total_time": 2.888545,
    "machine_history_obs": "",
    "machine_history_missing_information": "false",
    "machine_history_description_missing_information": "",
    "machine_history_only_downtime": "true",
    "machine_history_only_production": "false",
    "machine_history_started_report": "2025-08-18 07:10:00.000000",
    "machine_history_finished_report": "2025-08-18 10:03:18.762249"
  }
},
{
  "action": "updated",
  "company_id": "",
  "type": "history",
  "data": {
    "machine_history_id": "9EE8B05B73F0404189B953F407E0E547",
    "machine_id": "REC00008",
    "machine_history_started": "2025-08-18 07:10:00.000000",
    "machine_history_finished": "2025-08-18 10:03:19.441916",
    "machine_history_sensor_status": "OFFLINE",
    "machine_history_production_status": "Parada",
    "machine_history_shift_id": "",
    "machine_history_shift_name": "TURNO ADM",
    "machine_history_shift_start": "2025-08-18 14:30:00.000000",
    "machine_history_shift_avaliable": "Disponível",
    "machine_history_shift_date_to_report": "2025-08-18 00:00:00.000000",
    "machine_history_shift_end": "2025-08-18 14:40:00.000000",
    "machine_history_user_shop_floor_id": "",
    "machine_history_production_title": "",
    "machine_history_user_shop_floor_name": "",
    "machine_history_production_id": "",
    "machine_history_downtime_id": "",
    "machine_history_downtime_name": "",
    "machine_history_total_time": 2.888734,
    "machine_history_obs": "",
    "machine_history_missing_information": "false",
    "machine_history_description_missing_information": "",
    "machine_history_only_downtime": "true",
    "machine_history_only_production": "false",
    "machine_history_started_report": "2025-08-18 07:10:00.000000",
    "machine_history_finished_report": "2025-08-18 10:03:19.441916"
  }
},
{
  "action": "updated",
  "company_id": "",
  "type": "history",
  "data": {
    "machine_history_id": "EBB9C63D820E407CADE068AF57481050",
    "machine_id": "REC00009",
    "machine_history_started": "2025-08-18 07:10:00.000000",
    "machine_history_finished": "2025-08-18 10:03:19.765982",
    "machine_history_sensor_status": "OFFLINE",
    "machine_history_production_status": "Parada",
    "machine_history_shift_id": "",
    "machine_history_shift_name": "TURNO ADM",
    "machine_history_shift_start": "2025-08-18 14:30:00.000000",
    "machine_history_shift_avaliable": "Disponível",
    "machine_history_shift_date_to_report": "2025-08-18 00:00:00.000000",
    "machine_history_shift_end": "2025-08-18 14:40:00.000000",
    "machine_history_user_shop_floor_id": "",
    "machine_history_production_title": "",
    "machine_history_user_shop_floor_name": "",
    "machine_history_production_id": "",
    "machine_history_downtime_id": "",
    "machine_history_downtime_name": "",
    "machine_history_total_time": 2.888824,
    "machine_history_obs": "",
    "machine_history_missing_information": "false",
    "machine_history_description_missing_information": "",
    "machine_history_only_downtime": "true",
    "machine_history_only_production": "false",
    "machine_history_started_report": "2025-08-18 07:10:00.000000",
    "machine_history_finished_report": "2025-08-18 10:03:19.765982"
  }
},
{
  "action": "updated",
  "company_id": "",
  "type": "history",
  "data": {
    "machine_history_id": "E256330B174A4918AA227EB961D14EBB",
    "machine_id": "REC00010",
    "machine_history_started": "2025-08-18 07:10:00.000000",
    "machine_history_finished": "2025-08-18 10:03:20.041009",
    "machine_history_sensor_status": "OFFLINE",
    "machine_history_production_status": "Parada",
    "machine_history_shift_id": "",
    "machine_history_shift_name": "TURNO NOVO",
    "machine_history_shift_start": "2025-08-18 21:00:00.000000",
    "machine_history_shift_avaliable": "Disponível",
    "machine_history_shift_date_to_report": "2025-08-18 00:00:00.000000",
    "machine_history_shift_end": "2025-08-18 23:59:00.000000",
    "machine_history_user_shop_floor_id": "",
    "machine_history_production_title": "",
    "machine_history_user_shop_floor_name": "",
    "machine_history_production_id": "",
    "machine_history_downtime_id": "",
    "machine_history_downtime_name": "",
    "machine_history_total_time": 2.8889,
    "machine_history_obs": "",
    "machine_history_missing_information": "false",
    "machine_history_description_missing_information": "",
    "machine_history_only_downtime": "true",
    "machine_history_only_production": "false",
    "machine_history_started_report": "2025-08-18 07:10:00.000000",
    "machine_history_finished_report": "2025-08-18 10:03:20.041009"
  }
},
{
  "action": "updated",
  "company_id": "",
  "type": "history",
  "data": {
    "machine_history_id": "692A2463F57847D2B092521D6D3DFEB6",
    "machine_id": "REC00004",
    "machine_history_started": "2025-08-18 07:10:00.000000",
    "machine_history_finished": "2025-08-18 10:03:20.344677",
    "machine_history_sensor_status": "OFFLINE",
    "machine_history_production_status": "Parada",
    "machine_history_shift_id": "",
    "machine_history_shift_name": "TURNO NOVO",
    "machine_history_shift_start": "2025-08-18 21:00:00.000000",
    "machine_history_shift_avaliable": "Disponível",
    "machine_history_shift_date_to_report": "2025-08-18 00:00:00.000000",
    "machine_history_shift_end": "2025-08-18 23:59:00.000000",
    "machine_history_user_shop_floor_id": "",
    "machine_history_production_title": "",
    "machine_history_user_shop_floor_name": "",
    "machine_history_production_id": "",
    "machine_history_downtime_id": "",
    "machine_history_downtime_name": "",
    "machine_history_total_time": 2.888985,
    "machine_history_obs": "",
    "machine_history_missing_information": "false",
    "machine_history_description_missing_information": "",
    "machine_history_only_downtime": "true",
    "machine_history_only_production": "false",
    "machine_history_started_report": "2025-08-18 07:10:00.000000",
    "machine_history_finished_report": "2025-08-18 10:03:20.344677"
  }
},
{
  "action": "updated",
  "company_id": "",
  "type": "history",
  "data": {
    "machine_history_id": "096D5D3692AF48E1B3DA6199D423389C",
    "machine_id": "REC00006",
    "machine_history_started": "2025-08-18 07:10:00.000000",
    "machine_history_finished": "2025-08-18 10:03:20.622961",
    "machine_history_sensor_status": "OFFLINE",
    "machine_history_production_status": "Parada",
    "machine_history_shift_id": "",
    "machine_history_shift_name": "TURNO NOVO",
    "machine_history_shift_start": "2025-08-18 21:00:00.000000",
    "machine_history_shift_avaliable": "Disponível",
    "machine_history_shift_date_to_report": "2025-08-18 00:00:00.000000",
    "machine_history_shift_end": "2025-08-18 23:59:00.000000",
    "machine_history_user_shop_floor_id": "",
    "machine_history_production_title": "",
    "machine_history_user_shop_floor_name": "",
    "machine_history_production_id": "",
    "machine_history_downtime_id": "",
    "machine_history_downtime_name": "",
    "machine_history_total_time": 2.889062,
    "machine_history_obs": "",
    "machine_history_missing_information": "false",
    "machine_history_description_missing_information": "",
    "machine_history_only_downtime": "true",
    "machine_history_only_production": "false",
    "machine_history_started_report": "2025-08-18 07:10:00.000000",
    "machine_history_finished_report": "2025-08-18 10:03:20.622961"
  }
},
{
  "action": "updated",
  "company_id": "",
  "type": "history",
  "data": {
    "machine_history_id": "B0F6949C39484A2F9427E368883B4008",
    "machine_id": "REC00005",
    "machine_history_started": "2025-08-18 10:02:55.209221",
    "machine_history_finished": "2025-08-18 10:02:55.950680",
    "machine_history_sensor_status": "IDLE",
    "machine_history_production_status": "Parada",
    "machine_history_shift_id": "",
    "machine_history_shift_name": "TURNO ADM",
    "machine_history_shift_start": "2025-08-18 14:30:00.000000",
    "machine_history_shift_avaliable": "Disponível",
    "machine_history_shift_date_to_report": "2025-08-18 00:00:00.000000",
    "machine_history_shift_end": "2025-08-18 14:40:00.000000",
    "machine_history_user_shop_floor_id": "1",
    "machine_history_production_title": "",
    "machine_history_user_shop_floor_name": "Operador1",
    "machine_history_production_id": "",
    "machine_history_downtime_id": "7",
    "machine_history_downtime_name": "Micro Parada",
    "machine_history_total_time": 0.000206,
    "machine_history_obs": "",
    "machine_history_missing_information": "false",
    "machine_history_description_missing_information": "",
    "machine_history_only_downtime": "true",
    "machine_history_only_production": "false",
    "machine_history_started_report": "2025-08-18 10:02:55.950680",
    "machine_history_finished_report": "2025-08-18 10:02:55.950680"
  }
},
{
  "action": "updated",
  "company_id": "",
  "type": "history",
  "data": {
    "machine_history_id": "49CF638C4F8A4D548F8D9A7B9B50C0B3",
    "machine_id": "REC00005",
    "machine_history_started": "2025-08-18 10:03:21.627493",
    "machine_history_finished": "2025-08-18 10:03:43.701797",
    "machine_history_sensor_status": "IDLE",
    "machine_history_production_status": "Parada",
    "machine_history_shift_id": "",
    "machine_history_shift_name": "TURNO ADM",
    "machine_history_shift_start": "2025-08-18 14:30:00.000000",
    "machine_history_shift_avaliable": "Disponível",
    "machine_history_shift_date_to_report": "2025-08-18 00:00:00.000000",
    "machine_history_shift_end": "2025-08-18 14:40:00.000000",
    "machine_history_user_shop_floor_id": "1",
    "machine_history_production_title": "Ordem de Produção 001",
    "machine_history_user_shop_floor_name": "Operador1",
    "machine_history_production_id": "ORDEMPROD-0001",
    "machine_history_downtime_id": "7",
    "machine_history_downtime_name": "Micro Parada",
    "machine_history_total_time": 0.006132,
    "machine_history_obs": "",
    "machine_history_missing_information": "false",
    "machine_history_description_missing_information": "",
    "machine_history_only_downtime": "true",
    "machine_history_only_production": "false",
    "machine_history_started_report": "2025-08-18 10:03:21.627493",
    "machine_history_finished_report": "2025-08-18 10:03:43.701797"
  }
},
{
  "action": "updated",
  "company_id": "",
  "type": "history",
  "data": {
    "machine_history_id": "CC68301E296C492EA92A557EAD25097A",
    "machine_id": "REC00005",
    "machine_history_started": "2025-08-18 10:04:29.811228",
    "machine_history_finished": "2025-08-18 10:05:10.038376",
    "machine_history_sensor_status": "IDLE",
    "machine_history_production_status": "Parada",
    "machine_history_shift_id": "",
    "machine_history_shift_name": "TURNO ADM",
    "machine_history_shift_start": "2025-08-18 14:30:00.000000",
    "machine_history_shift_avaliable": "Disponível",
    "machine_history_shift_date_to_report": "2025-08-18 00:00:00.000000",
    "machine_history_shift_end": "2025-08-18 14:40:00.000000",
    "machine_history_user_shop_floor_id": "1",
    "machine_history_production_title": "Ordem de Produção 002",
    "machine_history_user_shop_floor_name": "Operador1",
    "machine_history_production_id": "ORDEMPROD-0002",
    "machine_history_downtime_id": "7",
    "machine_history_downtime_name": "Micro Parada",
    "machine_history_total_time": 0.011174,
    "machine_history_obs": "",
    "machine_history_missing_information": "false",
    "machine_history_description_missing_information": "",
    "machine_history_only_downtime": "true",
    "machine_history_only_production": "false",
    "machine_history_started_report": "2025-08-18 10:04:29.811228",
    "machine_history_finished_report": "2025-08-18 10:05:10.038376"
  }
},
{
  "action": "updated",
  "company_id": "",
  "type": "history",
  "data": {
    "machine_history_id": "537648D3F9BC4D9A8E909C71F6734F4A",
    "machine_id": "REC00005",
    "machine_history_started": "2025-08-18 10:05:10.038376",
    "machine_history_finished": "2025-08-18 10:06:17.748904",
    "machine_history_sensor_status": "ACTIVE",
    "machine_history_production_status": "Producao",
    "machine_history_shift_id": "",
    "machine_history_shift_name": "TURNO ADM",
    "machine_history_shift_start": "2025-08-18 14:30:00.000000",
    "machine_history_shift_avaliable": "Disponível",
    "machine_history_shift_date_to_report": "2025-08-18 00:00:00.000000",
    "machine_history_shift_end": "2025-08-18 14:40:00.000000",
    "machine_history_user_shop_floor_id": "2",
    "machine_history_production_title": "Ordem de Produção 001",
    "machine_history_user_shop_floor_name": "Operador2",
    "machine_history_production_id": "ORDEMPROD-0001",
    "machine_history_downtime_id": "",
    "machine_history_downtime_name": "",
    "machine_history_total_time": 0.018808,
    "machine_history_obs": "",
    "machine_history_missing_information": "false",
    "machine_history_description_missing_information": "",
    "machine_history_only_downtime": "false",
    "machine_history_only_production": "true",
    "machine_history_started_report": "2025-08-18 10:05:10.038376",
    "machine_history_finished_report": "2025-08-18 10:06:17.748904"
  }
},
{
  "action": "updated",
  "company_id": "",
  "type": "history",
  "data": {
    "machine_history_id": "5F9E3BA3F69F40D7B875099315C7035C",
    "machine_id": "REC00005",
    "machine_history_started": "2025-08-18 10:05:10.038376",
    "machine_history_finished": "2025-08-18 10:06:17.748904",
    "machine_history_sensor_status": "ACTIVE",
    "machine_history_production_status": "Producao",
    "machine_history_shift_id": "",
    "machine_history_shift_name": "TURNO ADM",
    "machine_history_shift_start": "2025-08-18 14:30:00.000000",
    "machine_history_shift_avaliable": "Disponível",
    "machine_history_shift_date_to_report": "2025-08-18 00:00:00.000000",
    "machine_history_shift_end": "2025-08-18 14:40:00.000000",
    "machine_history_user_shop_floor_id": "1",
    "machine_history_production_title": "Ordem de Produção 001",
    "machine_history_user_shop_floor_name": "Operador1",
    "machine_history_production_id": "ORDEMPROD-0001",
    "machine_history_downtime_id": "",
    "machine_history_downtime_name": "",
    "machine_history_total_time": 0.018808,
    "machine_history_obs": "",
    "machine_history_missing_information": "true",
    "machine_history_description_missing_information": "",
    "machine_history_only_downtime": "false",
    "machine_history_only_production": "true",
    "machine_history_started_report": "2025-08-18 10:05:10.038376",
    "machine_history_finished_report": "2025-08-18 10:06:17.748904"
  }
},
{
  "action": "updated",
  "company_id": "",
  "type": "history",
  "data": {
    "machine_history_id": "272981ACC38B4115B695EF74B28E44BA",
    "machine_id": "REC00007",
    "machine_history_started": "2025-08-18 10:03:19.161897",
    "machine_history_finished": "2025-08-18 10:07:36.932451",
    "machine_history_sensor_status": "OFFLINE",
    "machine_history_production_status": "Parada",
    "machine_history_shift_id": "",
    "machine_history_shift_name": "TURNO ADM",
    "machine_history_shift_start": "2025-08-18 14:30:00.000000",
    "machine_history_shift_avaliable": "Disponível",
    "machine_history_shift_date_to_report": "2025-08-18 00:00:00.000000",
    "machine_history_shift_end": "2025-08-18 14:40:00.000000",
    "machine_history_user_shop_floor_id": "",
    "machine_history_production_title": "",
    "machine_history_user_shop_floor_name": "",
    "machine_history_production_id": "",
    "machine_history_downtime_id": "",
    "machine_history_downtime_name": "",
    "machine_history_total_time": 0.071603,
    "machine_history_obs": "",
    "machine_history_missing_information": "false",
    "machine_history_description_missing_information": "",
    "machine_history_only_downtime": "true",
    "machine_history_only_production": "false",
    "machine_history_started_report": "2025-08-18 10:03:19.161897",
    "machine_history_finished_report": "2025-08-18 10:07:36.932451"
  }
},
{
  "action": "updated",
  "company_id": "",
  "type": "history",
  "data": {
    "machine_history_id": "9E927224B1F7435E83D1F65F5F9BFA34",
    "machine_id": "REC00008",
    "machine_history_started": "2025-08-18 10:03:19.463680",
    "machine_history_finished": "2025-08-18 10:07:37.552667",
    "machine_history_sensor_status": "OFFLINE",
    "machine_history_production_status": "Parada",
    "machine_history_shift_id": "",
    "machine_history_shift_name": "TURNO ADM",
    "machine_history_shift_start": "2025-08-18 14:30:00.000000",
    "machine_history_shift_avaliable": "Disponível",
    "machine_history_shift_date_to_report": "2025-08-18 00:00:00.000000",
    "machine_history_shift_end": "2025-08-18 14:40:00.000000",
    "machine_history_user_shop_floor_id": "",
    "machine_history_production_title": "",
    "machine_history_user_shop_floor_name": "",
    "machine_history_production_id": "",
    "machine_history_downtime_id": "",
    "machine_history_downtime_name": "",
    "machine_history_total_time": 0.071691,
    "machine_history_obs": "",
    "machine_history_missing_information": "false",
    "machine_history_description_missing_information": "",
    "machine_history_only_downtime": "true",
    "machine_history_only_production": "false",
    "machine_history_started_report": "2025-08-18 10:03:19.463680",
    "machine_history_finished_report": "2025-08-18 10:07:37.552667"
  }
},
{
  "action": "updated",
  "company_id": "",
  "type": "history",
  "data": {
    "machine_history_id": "D118F2CE258B4AB99E9B74AEE8F5C105",
    "machine_id": "REC00009",
    "machine_history_started": "2025-08-18 10:03:19.786450",
    "machine_history_finished": "2025-08-18 10:07:37.901962",
    "machine_history_sensor_status": "OFFLINE",
    "machine_history_production_status": "Parada",
    "machine_history_shift_id": "",
    "machine_history_shift_name": "TURNO ADM",
    "machine_history_shift_start": "2025-08-18 14:30:00.000000",
    "machine_history_shift_avaliable": "Disponível",
    "machine_history_shift_date_to_report": "2025-08-18 00:00:00.000000",
    "machine_history_shift_end": "2025-08-18 14:40:00.000000",
    "machine_history_user_shop_floor_id": "",
    "machine_history_production_title": "",
    "machine_history_user_shop_floor_name": "",
    "machine_history_production_id": "",
    "machine_history_downtime_id": "",
    "machine_history_downtime_name": "",
    "machine_history_total_time": 0.071699,
    "machine_history_obs": "",
    "machine_history_missing_information": "false",
    "machine_history_description_missing_information": "",
    "machine_history_only_downtime": "true",
    "machine_history_only_production": "false",
    "machine_history_started_report": "2025-08-18 10:03:19.786450",
    "machine_history_finished_report": "2025-08-18 10:07:37.901962"
  }
},
{
  "action": "updated",
  "company_id": "",
  "type": "history",
  "data": {
    "machine_history_id": "0660CDA387E348369C09DCF88E980E86",
    "machine_id": "REC00010",
    "machine_history_started": "2025-08-18 10:03:20.062603",
    "machine_history_finished": "2025-08-18 10:07:38.306653",
    "machine_history_sensor_status": "OFFLINE",
    "machine_history_production_status": "Parada",
    "machine_history_shift_id": "",
    "machine_history_shift_name": "TURNO NOVO",
    "machine_history_shift_start": "2025-08-18 21:00:00.000000",
    "machine_history_shift_avaliable": "Disponível",
    "machine_history_shift_date_to_report": "2025-08-18 00:00:00.000000",
    "machine_history_shift_end": "2025-08-18 23:59:00.000000",
    "machine_history_user_shop_floor_id": "",
    "machine_history_production_title": "",
    "machine_history_user_shop_floor_name": "",
    "machine_history_production_id": "",
    "machine_history_downtime_id": "",
    "machine_history_downtime_name": "",
    "machine_history_total_time": 0.071734,
    "machine_history_obs": "",
    "machine_history_missing_information": "false",
    "machine_history_description_missing_information": "",
    "machine_history_only_downtime": "true",
    "machine_history_only_production": "false",
    "machine_history_started_report": "2025-08-18 10:03:20.062603",
    "machine_history_finished_report": "2025-08-18 10:07:38.306653"
  }
},
{
  "action": "updated",
  "company_id": "",
  "type": "history",
  "data": {
    "machine_history_id": "86653BC4985F4E3C93C784DCEFA580A9",
    "machine_id": "REC00004",
    "machine_history_started": "2025-08-18 10:03:20.362645",
    "machine_history_finished": "2025-08-18 10:07:38.654367",
    "machine_history_sensor_status": "OFFLINE",
    "machine_history_production_status": "Parada",
    "machine_history_shift_id": "",
    "machine_history_shift_name": "TURNO NOVO",
    "machine_history_shift_start": "2025-08-18 21:00:00.000000",
    "machine_history_shift_avaliable": "Disponível",
    "machine_history_shift_date_to_report": "2025-08-18 00:00:00.000000",
    "machine_history_shift_end": "2025-08-18 23:59:00.000000",
    "machine_history_user_shop_floor_id": "",
    "machine_history_production_title": "",
    "machine_history_user_shop_floor_name": "",
    "machine_history_production_id": "",
    "machine_history_downtime_id": "",
    "machine_history_downtime_name": "",
    "machine_history_total_time": 0.071748,
    "machine_history_obs": "",
    "machine_history_missing_information": "false",
    "machine_history_description_missing_information": "",
    "machine_history_only_downtime": "true",
    "machine_history_only_production": "false",
    "machine_history_started_report": "2025-08-18 10:03:20.362645",
    "machine_history_finished_report": "2025-08-18 10:07:38.654367"
  }
},
{
  "action": "updated",
  "company_id": "",
  "type": "history",
  "data": {
    "machine_history_id": "DAA049A5D8184BDC8D4B25FC090A78FE",
    "machine_id": "REC00006",
    "machine_history_started": "2025-08-18 10:03:20.644254",
    "machine_history_finished": "2025-08-18 10:07:39.031423",
    "machine_history_sensor_status": "OFFLINE",
    "machine_history_production_status": "Parada",
    "machine_history_shift_id": "",
    "machine_history_shift_name": "TURNO NOVO",
    "machine_history_shift_start": "2025-08-18 21:00:00.000000",
    "machine_history_shift_avaliable": "Disponível",
    "machine_history_shift_date_to_report": "2025-08-18 00:00:00.000000",
    "machine_history_shift_end": "2025-08-18 23:59:00.000000",
    "machine_history_user_shop_floor_id": "",
    "machine_history_production_title": "",
    "machine_history_user_shop_floor_name": "",
    "machine_history_production_id": "",
    "machine_history_downtime_id": "",
    "machine_history_downtime_name": "",
    "machine_history_total_time": 0.071774,
    "machine_history_obs": "",
    "machine_history_missing_information": "false",
    "machine_history_description_missing_information": "",
    "machine_history_only_downtime": "true",
    "machine_history_only_production": "false",
    "machine_history_started_report": "2025-08-18 10:03:20.644254",
    "machine_history_finished_report": "2025-08-18 10:07:39.031423"
  }
},
{
  "action": "updated",
  "company_id": "",
  "type": "history",
  "data": {
    "machine_history_id": "BD916BE1B5B84EC7838D28916E963CFD",
    "machine_id": "REC00005",
    "machine_history_started": "2025-08-18 10:06:17.748904",
    "machine_history_finished": "2025-08-18 10:07:26.137025",
    "machine_history_sensor_status": "IDLE",
    "machine_history_production_status": "Parada",
    "machine_history_shift_id": "",
    "machine_history_shift_name": "TURNO ADM",
    "machine_history_shift_start": "2025-08-18 14:30:00.000000",
    "machine_history_shift_avaliable": "Disponível",
    "machine_history_shift_date_to_report": "2025-08-18 00:00:00.000000",
    "machine_history_shift_end": "2025-08-18 14:40:00.000000",
    "machine_history_user_shop_floor_id": "2",
    "machine_history_production_title": "",
    "machine_history_user_shop_floor_name": "Operador2",
    "machine_history_production_id": "",
    "machine_history_downtime_id": "7",
    "machine_history_downtime_name": "Micro Parada",
    "machine_history_total_time": 0.018997,
    "machine_history_obs": "",
    "machine_history_missing_information": "false",
    "machine_history_description_missing_information": "",
    "machine_history_only_downtime": "true",
    "machine_history_only_production": "false",
    "machine_history_started_report": "2025-08-18 10:06:17.748904",
    "machine_history_finished_report": "2025-08-18 10:07:26.137025"
  }
},
{
  "action": "updated",
  "company_id": "",
  "type": "history",
  "data": {
    "machine_history_id": "308357599E6844D1A51FCDCAE511976E",
    "machine_id": "REC00005",
    "machine_history_started": "2025-08-18 10:07:41.147719",
    "machine_history_finished": "2025-08-18 10:08:08.646194",
    "machine_history_sensor_status": "IDLE",
    "machine_history_production_status": "Parada",
    "machine_history_shift_id": "",
    "machine_history_shift_name": "TURNO ADM",
    "machine_history_shift_start": "2025-08-18 14:30:00.000000",
    "machine_history_shift_avaliable": "Disponível",
    "machine_history_shift_date_to_report": "2025-08-18 00:00:00.000000",
    "machine_history_shift_end": "2025-08-18 14:40:00.000000",
    "machine_history_user_shop_floor_id": "2",
    "machine_history_production_title": "",
    "machine_history_user_shop_floor_name": "Operador2",
    "machine_history_production_id": "",
    "machine_history_downtime_id": "7",
    "machine_history_downtime_name": "Micro Parada",
    "machine_history_total_time": 0.007638,
    "machine_history_obs": "",
    "machine_history_missing_information": "false",
    "machine_history_description_missing_information": "",
    "machine_history_only_downtime": "true",
    "machine_history_only_production": "false",
    "machine_history_started_report": "2025-08-18 10:07:41.147719",
    "machine_history_finished_report": "2025-08-18 10:08:08.646194"
  }
},
{
  "action": "updated",
  "company_id": "",
  "type": "history",
  "data": {
    "machine_history_id": "CF380FE8AE23409E9F479100849CBAF8",
    "machine_id": "REC00005",
    "machine_history_started": "2025-08-18 10:08:08.646194",
    "machine_history_finished": "2025-08-18 10:08:25.614775",
    "machine_history_sensor_status": "ACTIVE",
    "machine_history_production_status": "Producao",
    "machine_history_shift_id": "",
    "machine_history_shift_name": "TURNO ADM",
    "machine_history_shift_start": "2025-08-18 14:30:00.000000",
    "machine_history_shift_avaliable": "Disponível",
    "machine_history_shift_date_to_report": "2025-08-18 00:00:00.000000",
    "machine_history_shift_end": "2025-08-18 14:40:00.000000",
    "machine_history_user_shop_floor_id": "2",
    "machine_history_production_title": "",
    "machine_history_user_shop_floor_name": "Operador2",
    "machine_history_production_id": "",
    "machine_history_downtime_id": "",
    "machine_history_downtime_name": "",
    "machine_history_total_time": 0.004713,
    "machine_history_obs": "",
    "machine_history_missing_information": "false",
    "machine_history_description_missing_information": "",
    "machine_history_only_downtime": "false",
    "machine_history_only_production": "true",
    "machine_history_started_report": "2025-08-18 10:08:08.646194",
    "machine_history_finished_report": "2025-08-18 10:08:25.614775"
  }
},
{
  "action": "updated",
  "company_id": "",
  "type": "history",
  "data": {
    "machine_history_id": "AF39D928F72A4A719993888986A8D625",
    "machine_id": "REC00005",
    "machine_history_started": "2025-08-18 10:07:41.147719",
    "machine_history_finished": "2025-08-18 10:08:08.646194",
    "machine_history_sensor_status": "IDLE",
    "machine_history_production_status": "Parada",
    "machine_history_shift_id": "",
    "machine_history_shift_name": "TURNO ADM",
    "machine_history_shift_start": "2025-08-18 14:30:00.000000",
    "machine_history_shift_avaliable": "Disponível",
    "machine_history_shift_date_to_report": "2025-08-18 00:00:00.000000",
    "machine_history_shift_end": "2025-08-18 14:40:00.000000",
    "machine_history_user_shop_floor_id": "2",
    "machine_history_production_title": "",
    "machine_history_user_shop_floor_name": "Operador2",
    "machine_history_production_id": "",
    "machine_history_downtime_id": "23",
    "machine_history_downtime_name": "PARADA POR SINAL DE ALERTA",
    "machine_history_total_time": 0.007638,
    "machine_history_obs": "",
    "machine_history_missing_information": "true",
    "machine_history_description_missing_information": "",
    "machine_history_only_downtime": "true",
    "machine_history_only_production": "false",
    "machine_history_started_report": "2025-08-18 10:07:41.147719",
    "machine_history_finished_report": "2025-08-18 10:08:08.646194"
  }
},
{
  "action": "updated",
  "company_id": "",
  "type": "history",
  "data": {
    "machine_history_id": "9AF66D4986FA4FC1939F8C1E6D48050E",
    "machine_id": "REC00005",
    "machine_history_started": "2025-08-18 10:08:44.614392",
    "machine_history_finished": "2025-08-18 10:14:03.295892",
    "machine_history_sensor_status": "ACTIVE",
    "machine_history_production_status": "Producao",
    "machine_history_shift_id": "",
    "machine_history_shift_name": "TURNO ADM",
    "machine_history_shift_start": "2025-08-18 14:30:00.000000",
    "machine_history_shift_avaliable": "Disponível",
    "machine_history_shift_date_to_report": "2025-08-18 00:00:00.000000",
    "machine_history_shift_end": "2025-08-18 14:40:00.000000",
    "machine_history_user_shop_floor_id": "2",
    "machine_history_production_title": "Ordem de Produção 003",
    "machine_history_user_shop_floor_name": "Operador2",
    "machine_history_production_id": "ORDEMPROD-0003",
    "machine_history_downtime_id": "",
    "machine_history_downtime_name": "",
    "machine_history_total_time": 0.088523,
    "machine_history_obs": "",
    "machine_history_missing_information": "false",
    "machine_history_description_missing_information": "",
    "machine_history_only_downtime": "false",
    "machine_history_only_production": "true",
    "machine_history_started_report": "2025-08-18 10:08:44.614392",
    "machine_history_finished_report": "2025-08-18 10:14:03.295892"
  }
},
{
  "action": "updated",
  "company_id": "",
  "type": "history",
  "data": {
    "machine_history_id": "0F3B8905EA1C46E0BEF32DB2068A4EC6",
    "machine_id": "REC00005",
    "machine_history_started": "2025-08-18 10:08:25.594484",
    "machine_history_finished": "2025-08-18 10:08:44.614392",
    "machine_history_sensor_status": "IDLE",
    "machine_history_production_status": "Parada",
    "machine_history_shift_id": "",
    "machine_history_shift_name": "TURNO ADM",
    "machine_history_shift_start": "2025-08-18 14:30:00.000000",
    "machine_history_shift_avaliable": "Disponível",
    "machine_history_shift_date_to_report": "2025-08-18 00:00:00.000000",
    "machine_history_shift_end": "2025-08-18 14:40:00.000000",
    "machine_history_user_shop_floor_id": "2",
    "machine_history_production_title": "Ordem de Produção 002",
    "machine_history_user_shop_floor_name": "Operador2",
    "machine_history_production_id": "ORDEMPROD-0002",
    "machine_history_downtime_id": "21",
    "machine_history_downtime_name": "RETRABALHO DE PEÇAS",
    "machine_history_total_time": 0.005283,
    "machine_history_obs": "",
    "machine_history_missing_information": "true",
    "machine_history_description_missing_information": "",
    "machine_history_only_downtime": "true",
    "machine_history_only_production": "false",
    "machine_history_started_report": "2025-08-18 10:08:25.594484",
    "machine_history_finished_report": "2025-08-18 10:08:44.614392"
  }
},
{
  "action": "updated",
  "company_id": "",
  "type": "history",
  "data": {
    "machine_history_id": "D6859F6D514146D8B655D2A6F4056C67",
    "machine_id": "REC00005",
    "machine_history_started": "2025-08-18 10:08:25.594484",
    "machine_history_finished": "2025-08-18 10:08:44.614392",
    "machine_history_sensor_status": "IDLE",
    "machine_history_production_status": "Parada",
    "machine_history_shift_id": "",
    "machine_history_shift_name": "TURNO ADM",
    "machine_history_shift_start": "2025-08-18 14:30:00.000000",
    "machine_history_shift_avaliable": "Disponível",
    "machine_history_shift_date_to_report": "2025-08-18 00:00:00.000000",
    "machine_history_shift_end": "2025-08-18 14:40:00.000000",
    "machine_history_user_shop_floor_id": "2",
    "machine_history_production_title": "Ordem de Produção 002",
    "machine_history_user_shop_floor_name": "Operador2",
    "machine_history_production_id": "ORDEMPROD-0002",
    "machine_history_downtime_id": "21",
    "machine_history_downtime_name": "RETRABALHO DE PEÇAS",
    "machine_history_total_time": 0.005283,
    "machine_history_obs": "obssssss1111111111111111111",
    "machine_history_missing_information": "true",
    "machine_history_description_missing_information": "",
    "machine_history_only_downtime": "true",
    "machine_history_only_production": "false",
    "machine_history_started_report": "2025-08-18 10:08:25.594484",
    "machine_history_finished_report": "2025-08-18 10:08:44.614392"
  }
},
{
  "action": "updated",
  "company_id": "",
  "type": "history",
  "data": {
    "machine_history_id": "5CDF36F0868742B5BCF8728C0ECFFAA3",
    "machine_id": "REC00005",
    "machine_history_started": "2025-08-18 10:14:03.295892",
    "machine_history_finished": "2025-08-18 10:48:38.075822",
    "machine_history_sensor_status": "IDLE",
    "machine_history_production_status": "Parada",
    "machine_history_shift_id": "",
    "machine_history_shift_name": "TURNO ADM",
    "machine_history_shift_start": "2025-08-18 14:30:00.000000",
    "machine_history_shift_avaliable": "Disponível",
    "machine_history_shift_date_to_report": "2025-08-18 00:00:00.000000",
    "machine_history_shift_end": "2025-08-18 14:40:00.000000",
    "machine_history_user_shop_floor_id": "2",
    "machine_history_production_title": "",
    "machine_history_user_shop_floor_name": "Operador2",
    "machine_history_production_id": "",
    "machine_history_downtime_id": "",
    "machine_history_downtime_name": "",
    "machine_history_total_time": 0.576328,
    "machine_history_obs": "",
    "machine_history_missing_information": "true",
    "machine_history_description_missing_information": "",
    "machine_history_only_downtime": "true",
    "machine_history_only_production": "false",
    "machine_history_started_report": "2025-08-18 10:14:03.295892",
    "machine_history_finished_report": "2025-08-18 10:48:38.075822"
  }
},
{
  "action": "updated",
  "company_id": "",
  "type": "history",
  "data": {
    "machine_history_id": "BA742C18EB634746A156E4FA11C3EF36",
    "machine_id": "REC00005",
    "machine_history_started": "2025-08-18 10:48:38.075822",
    "machine_history_finished": "2025-08-18 10:48:39.966085",
    "machine_history_sensor_status": "IDLE",
    "machine_history_production_status": "Producao",
    "machine_history_shift_id": "",
    "machine_history_shift_name": "TURNO ADM",
    "machine_history_shift_start": "2025-08-18 14:30:00.000000",
    "machine_history_shift_avaliable": "Disponível",
    "machine_history_shift_date_to_report": "2025-08-18 00:00:00.000000",
    "machine_history_shift_end": "2025-08-18 14:40:00.000000",
    "machine_history_user_shop_floor_id": "2",
    "machine_history_production_title": "",
    "machine_history_user_shop_floor_name": "Operador2",
    "machine_history_production_id": "",
    "machine_history_downtime_id": "",
    "machine_history_downtime_name": "",
    "machine_history_total_time": 0.000525,
    "machine_history_obs": "",
    "machine_history_missing_information": "true",
    "machine_history_description_missing_information": "",
    "machine_history_only_downtime": "false",
    "machine_history_only_production": "true",
    "machine_history_started_report": "2025-08-18 10:48:38.075822",
    "machine_history_finished_report": "2025-08-18 10:48:39.966085"
  }
},
{
  "action": "updated",
  "company_id": "",
  "type": "history",
  "data": {
    "machine_history_id": "221695A039D743CDA9E9BF8E5282290D",
    "machine_id": "REC00003",
    "machine_history_started": "2025-10-13 16:07:04.085619",
    "machine_history_finished": "2025-10-13 16:32:11.773831",
    "machine_history_sensor_status": "OFFLINE",
    "machine_history_production_status": "Producao",
    "machine_history_shift_id": "",
    "machine_history_shift_name": "TURNO PADRÃO",
    "machine_history_shift_start": "2025-10-13 07:00:00.000000",
    "machine_history_shift_avaliable": "Disponível",
    "machine_history_shift_date_to_report": "2025-10-13 00:00:00.000000",
    "machine_history_shift_end": "2025-10-13 17:00:00.000000",
    "machine_history_user_shop_floor_id": "",
    "machine_history_production_title": "",
    "machine_history_user_shop_floor_name": "",
    "machine_history_production_id": "",
    "machine_history_downtime_id": "",
    "machine_history_downtime_name": "",
    "machine_history_total_time": 0.418802,
    "machine_history_obs": "",
    "machine_history_missing_information": "true",
    "machine_history_description_missing_information": "",
    "machine_history_only_downtime": "false",
    "machine_history_only_production": "true",
    "machine_history_started_report": "2025-10-13 16:07:04.085619",
    "machine_history_finished_report": "2025-10-13 16:32:11.773831"
  }
},
{
  "action": "updated",
  "company_id": "",
  "type": "history",
  "data": {
    "machine_history_id": "C486271678624527B279E431F81625C4",
    "machine_id": "REC00003",
    "machine_history_started": "2025-10-14 08:01:14.607817",
    "machine_history_finished": "2025-10-14 08:01:30.993550",
    "machine_history_sensor_status": "OFFLINE",
    "machine_history_production_status": "Producao",
    "machine_history_shift_id": "",
    "machine_history_shift_name": "TURNO PADRÃO",
    "machine_history_shift_start": "2025-10-14 07:00:00.000000",
    "machine_history_shift_avaliable": "Disponível",
    "machine_history_shift_date_to_report": "2025-10-14 00:00:00.000000",
    "machine_history_shift_end": "2025-10-14 17:00:00.000000",
    "machine_history_user_shop_floor_id": "",
    "machine_history_production_title": "",
    "machine_history_user_shop_floor_name": "",
    "machine_history_production_id": "",
    "machine_history_downtime_id": "",
    "machine_history_downtime_name": "",
    "machine_history_total_time": 0.004552,
    "machine_history_obs": "",
    "machine_history_missing_information": "true",
    "machine_history_description_missing_information": "",
    "machine_history_only_downtime": "false",
    "machine_history_only_production": "true",
    "machine_history_started_report": "2025-10-14 08:01:14.607817",
    "machine_history_finished_report": "2025-10-14 08:01:30.993550"
  }
},
{
  "action": "updated",
  "company_id": "",
  "type": "history",
  "data": {
    "machine_history_id": "60B2C5C5382E46F7AEC7462C26E43CD0",
    "machine_id": "REC00003",
    "machine_history_started": "2025-10-14 08:01:14.607817",
    "machine_history_finished": "2025-10-14 08:01:30.993550",
    "machine_history_sensor_status": "OFFLINE",
    "machine_history_production_status": "Producao",
    "machine_history_shift_id": "",
    "machine_history_shift_name": "TURNO PADRÃO",
    "machine_history_shift_start": "2025-10-14 07:00:00.000000",
    "machine_history_shift_avaliable": "Disponível",
    "machine_history_shift_date_to_report": "2025-10-14 00:00:00.000000",
    "machine_history_shift_end": "2025-10-14 17:00:00.000000",
    "machine_history_user_shop_floor_id": "",
    "machine_history_production_title": "",
    "machine_history_user_shop_floor_name": "",
    "machine_history_production_id": "",
    "machine_history_downtime_id": "",
    "machine_history_downtime_name": "",
    "machine_history_total_time": 0.004552,
    "machine_history_obs": "",
    "machine_history_missing_information": "true",
    "machine_history_description_missing_information": "",
    "machine_history_only_downtime": "false",
    "machine_history_only_production": "true",
    "machine_history_started_report": "2025-10-14 08:01:14.607817",
    "machine_history_finished_report": "2025-10-14 08:01:30.993550"
  }
},
{
  "action": "updated",
  "company_id": "",
  "type": "history",
  "data": {
    "machine_history_id": "A17D24499B324BA9865F63E08B142B11",
    "machine_id": "REC00003",
    "machine_history_started": "2025-10-14 08:01:30.993550",
    "machine_history_finished": "2025-10-14 08:26:17.942309",
    "machine_history_sensor_status": "OFFLINE",
    "machine_history_production_status": "Parada",
    "machine_history_shift_id": "",
    "machine_history_shift_name": "TURNO PADRÃO",
    "machine_history_shift_start": "2025-10-14 07:00:00.000000",
    "machine_history_shift_avaliable": "Disponível",
    "machine_history_shift_date_to_report": "2025-10-14 00:00:00.000000",
    "machine_history_shift_end": "2025-10-14 17:00:00.000000",
    "machine_history_user_shop_floor_id": "",
    "machine_history_production_title": "",
    "machine_history_user_shop_floor_name": "",
    "machine_history_production_id": "",
    "machine_history_downtime_id": "1",
    "machine_history_downtime_name": "Limpeza",
    "machine_history_total_time": 0.413041,
    "machine_history_obs": "",
    "machine_history_missing_information": "true",
    "machine_history_description_missing_information": "",
    "machine_history_only_downtime": "true",
    "machine_history_only_production": "false",
    "machine_history_started_report": "2025-10-14 08:01:30.993550",
    "machine_history_finished_report": "2025-10-14 08:26:17.942309"
  }
},
{
  "action": "updated",
  "company_id": "",
  "type": "history",
  "data": {
    "machine_history_id": "B71DBA7D2EFB46AEBCE071639CEA7AE8",
    "machine_id": "REC00003",
    "machine_history_started": "2025-10-14 08:26:17.942309",
    "machine_history_finished": "2025-10-14 08:27:58.708993",
    "machine_history_sensor_status": "OFFLINE",
    "machine_history_production_status": "Producao",
    "machine_history_shift_id": "",
    "machine_history_shift_name": "TURNO PADRÃO",
    "machine_history_shift_start": "2025-10-14 07:00:00.000000",
    "machine_history_shift_avaliable": "Disponível",
    "machine_history_shift_date_to_report": "2025-10-14 00:00:00.000000",
    "machine_history_shift_end": "2025-10-14 17:00:00.000000",
    "machine_history_user_shop_floor_id": "",
    "machine_history_production_title": "",
    "machine_history_user_shop_floor_name": "",
    "machine_history_production_id": "",
    "machine_history_downtime_id": "",
    "machine_history_downtime_name": "",
    "machine_history_total_time": 0.027991,
    "machine_history_obs": "",
    "machine_history_missing_information": "true",
    "machine_history_description_missing_information": "",
    "machine_history_only_downtime": "false",
    "machine_history_only_production": "true",
    "machine_history_started_report": "2025-10-14 08:26:17.942309",
    "machine_history_finished_report": "2025-10-14 08:27:58.708993"
  }
},
{
  "action": "updated",
  "company_id": "",
  "type": "history",
  "data": {
    "machine_history_id": "904F9D6521D64573B1EF5D3757A39B22",
    "machine_id": "REC00003",
    "machine_history_started": "2025-10-14 08:27:58.708993",
    "machine_history_finished": "2025-10-14 08:33:44.763797",
    "machine_history_sensor_status": "OFFLINE",
    "machine_history_production_status": "Parada",
    "machine_history_shift_id": "",
    "machine_history_shift_name": "TURNO PADRÃO",
    "machine_history_shift_start": "2025-10-14 07:00:00.000000",
    "machine_history_shift_avaliable": "Disponível",
    "machine_history_shift_date_to_report": "2025-10-14 00:00:00.000000",
    "machine_history_shift_end": "2025-10-14 17:00:00.000000",
    "machine_history_user_shop_floor_id": "",
    "machine_history_production_title": "",
    "machine_history_user_shop_floor_name": "",
    "machine_history_production_id": "",
    "machine_history_downtime_id": "1",
    "machine_history_downtime_name": "Limpeza",
    "machine_history_total_time": 0.096126,
    "machine_history_obs": "",
    "machine_history_missing_information": "true",
    "machine_history_description_missing_information": "",
    "machine_history_only_downtime": "true",
    "machine_history_only_production": "false",
    "machine_history_started_report": "2025-10-14 08:27:58.708993",
    "machine_history_finished_report": "2025-10-14 08:33:44.763797"
  }
},
{
  "action": "updated",
  "company_id": "",
  "type": "history",
  "data": {
    "machine_history_id": "95F2AEE563EC4B84BCA8BDED5196AC08",
    "machine_id": "REC00003",
    "machine_history_started": "2025-10-14 08:27:58.708993",
    "machine_history_finished": "2025-10-14 08:33:44.763797",
    "machine_history_sensor_status": "OFFLINE",
    "machine_history_production_status": "Parada",
    "machine_history_shift_id": "",
    "machine_history_shift_name": "TURNO PADRÃO",
    "machine_history_shift_start": "2025-10-14 07:00:00.000000",
    "machine_history_shift_avaliable": "Disponível",
    "machine_history_shift_date_to_report": "2025-10-14 00:00:00.000000",
    "machine_history_shift_end": "2025-10-14 17:00:00.000000",
    "machine_history_user_shop_floor_id": "",
    "machine_history_production_title": "",
    "machine_history_user_shop_floor_name": "",
    "machine_history_production_id": "",
    "machine_history_downtime_id": "",
    "machine_history_downtime_name": "",
    "machine_history_total_time": 0.096126,
    "machine_history_obs": "",
    "machine_history_missing_information": "true",
    "machine_history_description_missing_information": "",
    "machine_history_only_downtime": "true",
    "machine_history_only_production": "false",
    "machine_history_started_report": "2025-10-14 08:27:58.708993",
    "machine_history_finished_report": "2025-10-14 08:33:44.763797"
  }
},
{
  "action": "updated",
  "company_id": "",
  "type": "history",
  "data": {
    "machine_history_id": "1C0895C8D5BC481A963432D6B93355B1",
    "machine_id": "REC00003",
    "machine_history_started": "2025-10-14 08:33:44.763797",
    "machine_history_finished": "2025-10-14 08:35:00.273675",
    "machine_history_sensor_status": "OFFLINE",
    "machine_history_production_status": "Producao",
    "machine_history_shift_id": "",
    "machine_history_shift_name": "TURNO PADRÃO",
    "machine_history_shift_start": "2025-10-14 07:00:00.000000",
    "machine_history_shift_avaliable": "Disponível",
    "machine_history_shift_date_to_report": "2025-10-14 00:00:00.000000",
    "machine_history_shift_end": "2025-10-14 17:00:00.000000",
    "machine_history_user_shop_floor_id": "",
    "machine_history_production_title": "",
    "machine_history_user_shop_floor_name": "",
    "machine_history_production_id": "",
    "machine_history_downtime_id": "",
    "machine_history_downtime_name": "",
    "machine_history_total_time": 0.020975,
    "machine_history_obs": "",
    "machine_history_missing_information": "true",
    "machine_history_description_missing_information": "",
    "machine_history_only_downtime": "false",
    "machine_history_only_production": "true",
    "machine_history_started_report": "2025-10-14 08:33:44.763797",
    "machine_history_finished_report": "2025-10-14 08:35:00.273675"
  }
},
{
  "action": "updated",
  "company_id": "",
  "type": "history",
  "data": {
    "machine_history_id": "D188C620493A414C8A206A09D3D539A3",
    "machine_id": "REC00003",
    "machine_history_started": "2025-10-14 08:33:44.763797",
    "machine_history_finished": "2025-10-14 08:35:00.273675",
    "machine_history_sensor_status": "OFFLINE",
    "machine_history_production_status": "Producao",
    "machine_history_shift_id": "",
    "machine_history_shift_name": "TURNO PADRÃO",
    "machine_history_shift_start": "2025-10-14 07:00:00.000000",
    "machine_history_shift_avaliable": "Disponível",
    "machine_history_shift_date_to_report": "2025-10-14 00:00:00.000000",
    "machine_history_shift_end": "2025-10-14 17:00:00.000000",
    "machine_history_user_shop_floor_id": "",
    "machine_history_production_title": "",
    "machine_history_user_shop_floor_name": "",
    "machine_history_production_id": "",
    "machine_history_downtime_id": "",
    "machine_history_downtime_name": "",
    "machine_history_total_time": 0.020975,
    "machine_history_obs": "",
    "machine_history_missing_information": "true",
    "machine_history_description_missing_information": "",
    "machine_history_only_downtime": "false",
    "machine_history_only_production": "true",
    "machine_history_started_report": "2025-10-14 08:33:44.763797",
    "machine_history_finished_report": "2025-10-14 08:35:00.273675"
  }
},
{
  "action": "updated",
  "company_id": "",
  "type": "history",
  "data": {
    "machine_history_id": "003FAC3139CA4708947C31A8DD0DD2CC",
    "machine_id": "REC00003",
    "machine_history_started": "2025-10-14 08:35:00.273675",
    "machine_history_finished": "2025-10-14 08:37:21.593277",
    "machine_history_sensor_status": "OFFLINE",
    "machine_history_production_status": "Parada",
    "machine_history_shift_id": "",
    "machine_history_shift_name": "TURNO PADRÃO",
    "machine_history_shift_start": "2025-10-14 07:00:00.000000",
    "machine_history_shift_avaliable": "Disponível",
    "machine_history_shift_date_to_report": "2025-10-14 00:00:00.000000",
    "machine_history_shift_end": "2025-10-14 17:00:00.000000",
    "machine_history_user_shop_floor_id": "",
    "machine_history_production_title": "",
    "machine_history_user_shop_floor_name": "",
    "machine_history_production_id": "",
    "machine_history_downtime_id": "1",
    "machine_history_downtime_name": "Limpeza",
    "machine_history_total_time": 0.039255,
    "machine_history_obs": "",
    "machine_history_missing_information": "true",
    "machine_history_description_missing_information": "",
    "machine_history_only_downtime": "true",
    "machine_history_only_production": "false",
    "machine_history_started_report": "2025-10-14 08:35:00.273675",
    "machine_history_finished_report": "2025-10-14 08:37:21.593277"
  }
},
{
  "action": "updated",
  "company_id": "",
  "type": "history",
  "data": {
    "machine_history_id": "A3A8CE8288E446668F058040267AC7A8",
    "machine_id": "REC00003",
    "machine_history_started": "2025-10-14 08:35:00.273675",
    "machine_history_finished": "2025-10-14 08:37:21.593277",
    "machine_history_sensor_status": "OFFLINE",
    "machine_history_production_status": "Parada",
    "machine_history_shift_id": "",
    "machine_history_shift_name": "TURNO PADRÃO",
    "machine_history_shift_start": "2025-10-14 07:00:00.000000",
    "machine_history_shift_avaliable": "Disponível",
    "machine_history_shift_date_to_report": "2025-10-14 00:00:00.000000",
    "machine_history_shift_end": "2025-10-14 17:00:00.000000",
    "machine_history_user_shop_floor_id": "",
    "machine_history_production_title": "",
    "machine_history_user_shop_floor_name": "",
    "machine_history_production_id": "",
    "machine_history_downtime_id": "",
    "machine_history_downtime_name": "",
    "machine_history_total_time": 0.039255,
    "machine_history_obs": "",
    "machine_history_missing_information": "true",
    "machine_history_description_missing_information": "",
    "machine_history_only_downtime": "true",
    "machine_history_only_production": "false",
    "machine_history_started_report": "2025-10-14 08:35:00.273675",
    "machine_history_finished_report": "2025-10-14 08:37:21.593277"
  }
},
{
  "action": "updated",
  "company_id": "",
  "type": "history",
  "data": {
    "machine_history_id": "128E04E02E9541C9AE89BC4A93DF9375",
    "machine_id": "REC00003",
    "machine_history_started": "2025-10-14 08:37:21.593277",
    "machine_history_finished": "2025-10-14 08:38:22.984385",
    "machine_history_sensor_status": "OFFLINE",
    "machine_history_production_status": "Producao",
    "machine_history_shift_id": "",
    "machine_history_shift_name": "TURNO PADRÃO",
    "machine_history_shift_start": "2025-10-14 07:00:00.000000",
    "machine_history_shift_avaliable": "Disponível",
    "machine_history_shift_date_to_report": "2025-10-14 00:00:00.000000",
    "machine_history_shift_end": "2025-10-14 17:00:00.000000",
    "machine_history_user_shop_floor_id": "",
    "machine_history_production_title": "",
    "machine_history_user_shop_floor_name": "",
    "machine_history_production_id": "",
    "machine_history_downtime_id": "",
    "machine_history_downtime_name": "",
    "machine_history_total_time": 0.017053,
    "machine_history_obs": "",
    "machine_history_missing_information": "true",
    "machine_history_description_missing_information": "",
    "machine_history_only_downtime": "false",
    "machine_history_only_production": "true",
    "machine_history_started_report": "2025-10-14 08:37:21.593277",
    "machine_history_finished_report": "2025-10-14 08:38:22.984385"
  }
},
{
  "action": "updated",
  "company_id": "",
  "type": "history",
  "data": {
    "machine_history_id": "9168591C4DCE45F4A24A2382242A22AA",
    "machine_id": "REC00003",
    "machine_history_started": "2025-10-14 08:37:21.593277",
    "machine_history_finished": "2025-10-14 08:38:22.984385",
    "machine_history_sensor_status": "OFFLINE",
    "machine_history_production_status": "Producao",
    "machine_history_shift_id": "",
    "machine_history_shift_name": "TURNO PADRÃO",
    "machine_history_shift_start": "2025-10-14 07:00:00.000000",
    "machine_history_shift_avaliable": "Disponível",
    "machine_history_shift_date_to_report": "2025-10-14 00:00:00.000000",
    "machine_history_shift_end": "2025-10-14 17:00:00.000000",
    "machine_history_user_shop_floor_id": "",
    "machine_history_production_title": "",
    "machine_history_user_shop_floor_name": "",
    "machine_history_production_id": "",
    "machine_history_downtime_id": "",
    "machine_history_downtime_name": "",
    "machine_history_total_time": 0.017053,
    "machine_history_obs": "",
    "machine_history_missing_information": "true",
    "machine_history_description_missing_information": "",
    "machine_history_only_downtime": "false",
    "machine_history_only_production": "true",
    "machine_history_started_report": "2025-10-14 08:37:21.593277",
    "machine_history_finished_report": "2025-10-14 08:38:22.984385"
  }
},
{
  "action": "updated",
  "company_id": "",
  "type": "history",
  "data": {
    "machine_history_id": "ADBE4196D9364BBE95933501519E51B9",
    "machine_id": "REC00003",
    "machine_history_started": "2025-10-14 08:38:22.984385",
    "machine_history_finished": "2025-10-14 08:41:28.668743",
    "machine_history_sensor_status": "OFFLINE",
    "machine_history_production_status": "Parada",
    "machine_history_shift_id": "",
    "machine_history_shift_name": "TURNO PADRÃO",
    "machine_history_shift_start": "2025-10-14 07:00:00.000000",
    "machine_history_shift_avaliable": "Disponível",
    "machine_history_shift_date_to_report": "2025-10-14 00:00:00.000000",
    "machine_history_shift_end": "2025-10-14 17:00:00.000000",
    "machine_history_user_shop_floor_id": "",
    "machine_history_production_title": "",
    "machine_history_user_shop_floor_name": "",
    "machine_history_production_id": "",
    "machine_history_downtime_id": "1",
    "machine_history_downtime_name": "Limpeza",
    "machine_history_total_time": 0.051579,
    "machine_history_obs": "",
    "machine_history_missing_information": "true",
    "machine_history_description_missing_information": "",
    "machine_history_only_downtime": "true",
    "machine_history_only_production": "false",
    "machine_history_started_report": "2025-10-14 08:38:22.984385",
    "machine_history_finished_report": "2025-10-14 08:41:28.668743"
  }
},
{
  "action": "updated",
  "company_id": "",
  "type": "history",
  "data": {
    "machine_history_id": "35DAC6000D4941D3A46E250E9F747A49",
    "machine_id": "REC00003",
    "machine_history_started": "2025-10-14 08:41:28.668743",
    "machine_history_finished": "2025-10-14 08:43:46.946449",
    "machine_history_sensor_status": "OFFLINE",
    "machine_history_production_status": "Producao",
    "machine_history_shift_id": "",
    "machine_history_shift_name": "TURNO PADRÃO",
    "machine_history_shift_start": "2025-10-14 07:00:00.000000",
    "machine_history_shift_avaliable": "Disponível",
    "machine_history_shift_date_to_report": "2025-10-14 00:00:00.000000",
    "machine_history_shift_end": "2025-10-14 17:00:00.000000",
    "machine_history_user_shop_floor_id": "",
    "machine_history_production_title": "",
    "machine_history_user_shop_floor_name": "",
    "machine_history_production_id": "",
    "machine_history_downtime_id": "",
    "machine_history_downtime_name": "",
    "machine_history_total_time": 0.03841,
    "machine_history_obs": "",
    "machine_history_missing_information": "true",
    "machine_history_description_missing_information": "",
    "machine_history_only_downtime": "false",
    "machine_history_only_production": "true",
    "machine_history_started_report": "2025-10-14 08:41:28.668743",
    "machine_history_finished_report": "2025-10-14 08:43:46.946449"
  }
},
{
  "action": "updated",
  "company_id": "",
  "type": "history",
  "data": {
    "machine_history_id": "3647A7BAAE8E4F7BAA8F6ABB411D3216",
    "machine_id": "REC00003",
    "machine_history_started": "2025-10-14 08:43:46.946449",
    "machine_history_finished": "2025-10-14 08:46:33.599921",
    "machine_history_sensor_status": "OFFLINE",
    "machine_history_production_status": "Parada",
    "machine_history_shift_id": "",
    "machine_history_shift_name": "TURNO PADRÃO",
    "machine_history_shift_start": "2025-10-14 07:00:00.000000",
    "machine_history_shift_avaliable": "Disponível",
    "machine_history_shift_date_to_report": "2025-10-14 00:00:00.000000",
    "machine_history_shift_end": "2025-10-14 17:00:00.000000",
    "machine_history_user_shop_floor_id": "",
    "machine_history_production_title": "",
    "machine_history_user_shop_floor_name": "",
    "machine_history_production_id": "",
    "machine_history_downtime_id": "1",
    "machine_history_downtime_name": "Limpeza",
    "machine_history_total_time": 0.046293,
    "machine_history_obs": "",
    "machine_history_missing_information": "true",
    "machine_history_description_missing_information": "",
    "machine_history_only_downtime": "true",
    "machine_history_only_production": "false",
    "machine_history_started_report": "2025-10-14 08:43:46.946449",
    "machine_history_finished_report": "2025-10-14 08:46:33.599921"
  }
},
{
  "action": "updated",
  "company_id": "",
  "type": "history",
  "data": {
    "machine_history_id": "AAD8719CD21644E7B1C9B355D9E37BB5",
    "machine_id": "REC00003",
    "machine_history_started": "2025-10-14 08:46:33.599921",
    "machine_history_finished": "2025-10-14 08:48:18.378845",
    "machine_history_sensor_status": "OFFLINE",
    "machine_history_production_status": "Producao",
    "machine_history_shift_id": "",
    "machine_history_shift_name": "TURNO PADRÃO",
    "machine_history_shift_start": "2025-10-14 07:00:00.000000",
    "machine_history_shift_avaliable": "Disponível",
    "machine_history_shift_date_to_report": "2025-10-14 00:00:00.000000",
    "machine_history_shift_end": "2025-10-14 17:00:00.000000",
    "machine_history_user_shop_floor_id": "",
    "machine_history_production_title": "",
    "machine_history_user_shop_floor_name": "",
    "machine_history_production_id": "",
    "machine_history_downtime_id": "",
    "machine_history_downtime_name": "",
    "machine_history_total_time": 0.029105,
    "machine_history_obs": "",
    "machine_history_missing_information": "true",
    "machine_history_description_missing_information": "",
    "machine_history_only_downtime": "false",
    "machine_history_only_production": "true",
    "machine_history_started_report": "2025-10-14 08:46:33.599921",
    "machine_history_finished_report": "2025-10-14 08:48:18.378845"
  }
},
{
  "action": "updated",
  "company_id": "",
  "type": "history",
  "data": {
    "machine_history_id": "D0A04793EE114FE99194731CBFE7924C",
    "machine_id": "REC00003",
    "machine_history_started": "2025-10-14 08:48:18.378845",
    "machine_history_finished": "2025-10-14 08:52:59.143510",
    "machine_history_sensor_status": "OFFLINE",
    "machine_history_production_status": "Parada",
    "machine_history_shift_id": "",
    "machine_history_shift_name": "TURNO PADRÃO",
    "machine_history_shift_start": "2025-10-14 07:00:00.000000",
    "machine_history_shift_avaliable": "Disponível",
    "machine_history_shift_date_to_report": "2025-10-14 00:00:00.000000",
    "machine_history_shift_end": "2025-10-14 17:00:00.000000",
    "machine_history_user_shop_floor_id": "",
    "machine_history_production_title": "",
    "machine_history_user_shop_floor_name": "",
    "machine_history_production_id": "",
    "machine_history_downtime_id": "1",
    "machine_history_downtime_name": "Limpeza",
    "machine_history_total_time": 0.07799,
    "machine_history_obs": "",
    "machine_history_missing_information": "true",
    "machine_history_description_missing_information": "",
    "machine_history_only_downtime": "true",
    "machine_history_only_production": "false",
    "machine_history_started_report": "2025-10-14 08:48:18.378845",
    "machine_history_finished_report": "2025-10-14 08:52:59.143510"
  }
},
{
  "action": "updated",
  "company_id": "",
  "type": "history",
  "data": {
    "machine_history_id": "1B27C436654E4A249FE2A22431D358CF",
    "machine_id": "REC00003",
    "machine_history_started": "2025-10-14 08:52:59.143510",
    "machine_history_finished": "2025-10-14 08:58:09.012887",
    "machine_history_sensor_status": "OFFLINE",
    "machine_history_production_status": "Producao",
    "machine_history_shift_id": "",
    "machine_history_shift_name": "TURNO PADRÃO",
    "machine_history_shift_start": "2025-10-14 07:00:00.000000",
    "machine_history_shift_avaliable": "Disponível",
    "machine_history_shift_date_to_report": "2025-10-14 00:00:00.000000",
    "machine_history_shift_end": "2025-10-14 17:00:00.000000",
    "machine_history_user_shop_floor_id": "",
    "machine_history_production_title": "",
    "machine_history_user_shop_floor_name": "",
    "machine_history_production_id": "",
    "machine_history_downtime_id": "",
    "machine_history_downtime_name": "",
    "machine_history_total_time": 0.086075,
    "machine_history_obs": "",
    "machine_history_missing_information": "true",
    "machine_history_description_missing_information": "",
    "machine_history_only_downtime": "false",
    "machine_history_only_production": "true",
    "machine_history_started_report": "2025-10-14 08:52:59.143510",
    "machine_history_finished_report": "2025-10-14 08:58:09.012887"
  }
},
{
  "action": "updated",
  "company_id": "",
  "type": "history",
  "data": {
    "machine_history_id": "D57672412F874DC0B4298D209471DA10",
    "machine_id": "REC00003",
    "machine_history_started": "2025-10-14 08:52:59.143510",
    "machine_history_finished": "2025-10-14 08:58:09.012887",
    "machine_history_sensor_status": "OFFLINE",
    "machine_history_production_status": "Producao",
    "machine_history_shift_id": "",
    "machine_history_shift_name": "TURNO PADRÃO",
    "machine_history_shift_start": "2025-10-14 07:00:00.000000",
    "machine_history_shift_avaliable": "Disponível",
    "machine_history_shift_date_to_report": "2025-10-14 00:00:00.000000",
    "machine_history_shift_end": "2025-10-14 17:00:00.000000",
    "machine_history_user_shop_floor_id": "",
    "machine_history_production_title": "",
    "machine_history_user_shop_floor_name": "",
    "machine_history_production_id": "",
    "machine_history_downtime_id": "",
    "machine_history_downtime_name": "",
    "machine_history_total_time": 0.086075,
    "machine_history_obs": "",
    "machine_history_missing_information": "true",
    "machine_history_description_missing_information": "",
    "machine_history_only_downtime": "false",
    "machine_history_only_production": "true",
    "machine_history_started_report": "2025-10-14 08:52:59.143510",
    "machine_history_finished_report": "2025-10-14 08:58:09.012887"
  }
},
{
  "action": "updated",
  "company_id": "",
  "type": "history",
  "data": {
    "machine_history_id": "3E2F5E4C4FC04839BDDEC8DE9C6BE0A4",
    "machine_id": "REC00003",
    "machine_history_started": "2025-10-14 08:58:09.012887",
    "machine_history_finished": "2025-10-14 08:59:45.341227",
    "machine_history_sensor_status": "OFFLINE",
    "machine_history_production_status": "Parada",
    "machine_history_shift_id": "",
    "machine_history_shift_name": "TURNO PADRÃO",
    "machine_history_shift_start": "2025-10-14 07:00:00.000000",
    "machine_history_shift_avaliable": "Disponível",
    "machine_history_shift_date_to_report": "2025-10-14 00:00:00.000000",
    "machine_history_shift_end": "2025-10-14 17:00:00.000000",
    "machine_history_user_shop_floor_id": "",
    "machine_history_production_title": "",
    "machine_history_user_shop_floor_name": "",
    "machine_history_production_id": "",
    "machine_history_downtime_id": "1",
    "machine_history_downtime_name": "Limpeza",
    "machine_history_total_time": 0.026758,
    "machine_history_obs": "",
    "machine_history_missing_information": "true",
    "machine_history_description_missing_information": "",
    "machine_history_only_downtime": "true",
    "machine_history_only_production": "false",
    "machine_history_started_report": "2025-10-14 08:58:09.012887",
    "machine_history_finished_report": "2025-10-14 08:59:45.341227"
  }
},
{
  "action": "updated",
  "company_id": "",
  "type": "history",
  "data": {
    "machine_history_id": "D96781D4555D4F9E8E7F7F6191FACD2B",
    "machine_id": "REC00003",
    "machine_history_started": "2025-10-14 08:58:09.012887",
    "machine_history_finished": "2025-10-14 08:59:45.341227",
    "machine_history_sensor_status": "OFFLINE",
    "machine_history_production_status": "Parada",
    "machine_history_shift_id": "",
    "machine_history_shift_name": "TURNO PADRÃO",
    "machine_history_shift_start": "2025-10-14 07:00:00.000000",
    "machine_history_shift_avaliable": "Disponível",
    "machine_history_shift_date_to_report": "2025-10-14 00:00:00.000000",
    "machine_history_shift_end": "2025-10-14 17:00:00.000000",
    "machine_history_user_shop_floor_id": "",
    "machine_history_production_title": "",
    "machine_history_user_shop_floor_name": "",
    "machine_history_production_id": "",
    "machine_history_downtime_id": "",
    "machine_history_downtime_name": "",
    "machine_history_total_time": 0.026758,
    "machine_history_obs": "",
    "machine_history_missing_information": "true",
    "machine_history_description_missing_information": "",
    "machine_history_only_downtime": "true",
    "machine_history_only_production": "false",
    "machine_history_started_report": "2025-10-14 08:58:09.012887",
    "machine_history_finished_report": "2025-10-14 08:59:45.341227"
  }
},
{
  "action": "updated",
  "company_id": "",
  "type": "history",
  "data": {
    "machine_history_id": "61344F71B489404C82EC16BFC69C03F2",
    "machine_id": "REC00003",
    "machine_history_started": "2025-10-14 08:58:09.012887",
    "machine_history_finished": "2025-10-14 08:59:45.341227",
    "machine_history_sensor_status": "OFFLINE",
    "machine_history_production_status": "Producao",
    "machine_history_shift_id": "",
    "machine_history_shift_name": "TURNO PADRÃO",
    "machine_history_shift_start": "2025-10-14 07:00:00.000000",
    "machine_history_shift_avaliable": "Disponível",
    "machine_history_shift_date_to_report": "2025-10-14 00:00:00.000000",
    "machine_history_shift_end": "2025-10-14 17:00:00.000000",
    "machine_history_user_shop_floor_id": "",
    "machine_history_production_title": "",
    "machine_history_user_shop_floor_name": "",
    "machine_history_production_id": "",
    "machine_history_downtime_id": "",
    "machine_history_downtime_name": "",
    "machine_history_total_time": 0.026758,
    "machine_history_obs": "",
    "machine_history_missing_information": "true",
    "machine_history_description_missing_information": "",
    "machine_history_only_downtime": "false",
    "machine_history_only_production": "true",
    "machine_history_started_report": "2025-10-14 08:58:09.012887",
    "machine_history_finished_report": "2025-10-14 08:59:45.341227"
  }
},
{
  "action": "updated",
  "company_id": "",
  "type": "history",
  "data": {
    "machine_history_id": "D24788EA1787417091F71EE249D96C9F",
    "machine_id": "REC00003",
    "machine_history_started": "2025-10-13 16:32:11.773831",
    "machine_history_finished": "2025-10-14 09:35:04.476927",
    "machine_history_sensor_status": "",
    "machine_history_production_status": "Parada",
    "machine_history_shift_id": "",
    "machine_history_shift_name": "TURNO PADRÃO",
    "machine_history_shift_start": "2025-10-13 07:00:00.000000",
    "machine_history_shift_avaliable": "Disponível",
    "machine_history_shift_date_to_report": "2025-10-13 00:00:00.000000",
    "machine_history_shift_end": "2025-10-13 17:00:00.000000",
    "machine_history_user_shop_floor_id": "",
    "machine_history_production_title": "",
    "machine_history_user_shop_floor_name": "",
    "machine_history_production_id": "",
    "machine_history_downtime_id": "",
    "machine_history_downtime_name": "",
    "machine_history_total_time": 17.047973,
    "machine_history_obs": "",
    "machine_history_missing_information": "true",
    "machine_history_description_missing_information": "",
    "machine_history_only_downtime": "true",
    "machine_history_only_production": "false",
    "machine_history_started_report": "2025-10-13 16:32:11.773831",
    "machine_history_finished_report": "2025-10-14 09:35:04.476927"
  }
},
{
  "action": "updated",
  "company_id": "",
  "type": "history",
  "data": {
    "machine_history_id": "4724CD48E58F40AB9F62041930A22C9E",
    "machine_id": "REC00003",
    "machine_history_started": "2025-10-14 09:03:11.283254",
    "machine_history_finished": "2025-10-14 09:35:05.767532",
    "machine_history_sensor_status": "",
    "machine_history_production_status": "Producao",
    "machine_history_shift_id": "",
    "machine_history_shift_name": "TURNO PADRÃO",
    "machine_history_shift_start": "2025-10-14 07:00:00.000000",
    "machine_history_shift_avaliable": "Disponível",
    "machine_history_shift_date_to_report": "2025-10-14 00:00:00.000000",
    "machine_history_shift_end": "2025-10-14 17:00:00.000000",
    "machine_history_user_shop_floor_id": "",
    "machine_history_production_title": "",
    "machine_history_user_shop_floor_name": "",
    "machine_history_production_id": "",
    "machine_history_downtime_id": "",
    "machine_history_downtime_name": "",
    "machine_history_total_time": 0.531801,
    "machine_history_obs": "",
    "machine_history_missing_information": "false",
    "machine_history_description_missing_information": "",
    "machine_history_only_downtime": "false",
    "machine_history_only_production": "true",
    "machine_history_started_report": "2025-10-14 00:00:00.000000",
    "machine_history_finished_report": "2025-10-14 09:35:05.767532"
  }
},
{
  "action": "updated",
  "company_id": "",
  "type": "history",
  "data": {
    "machine_history_id": "708297EF20BA425293D115B5DC53407F",
    "machine_id": "REC00003",
    "machine_history_started": "2025-10-14 09:24:19.973163",
    "machine_history_finished": "2025-10-14 09:24:23.783632",
    "machine_history_sensor_status": "OFFLINE",
    "machine_history_production_status": "Producao",
    "machine_history_shift_id": "",
    "machine_history_shift_name": "TESTE",
    "machine_history_shift_start": "2025-10-14 07:15:00.000000",
    "machine_history_shift_avaliable": "Disponível",
    "machine_history_shift_date_to_report": "2025-10-14 00:00:00.000000",
    "machine_history_shift_end": "2025-10-14 12:00:00.000000",
    "machine_history_user_shop_floor_id": "2",
    "machine_history_production_title": "",
    "machine_history_user_shop_floor_name": "Operador2",
    "machine_history_production_id": "",
    "machine_history_downtime_id": "2",
    "machine_history_downtime_name": "Calibragem",
    "machine_history_total_time": 0.001058,
    "machine_history_obs": "david",
    "machine_history_missing_information": "true",
    "machine_history_description_missing_information": "",
    "machine_history_only_downtime": "false",
    "machine_history_only_production": "true",
    "machine_history_started_report": "2025-10-14 09:24:19.973163",
    "machine_history_finished_report": "2025-10-14 09:24:23.783632"
  }
},
{
  "action": "updated",
  "company_id": "",
  "type": "history",
  "data": {
    "machine_history_id": "1F58D4AAA3D24F13B8F880B122AB9305",
    "machine_id": "REC00003",
    "machine_history_started": "2025-10-14 08:42:38.840027",
    "machine_history_finished": "2025-10-14 09:35:51.579913",
    "machine_history_sensor_status": "",
    "machine_history_production_status": "Producao",
    "machine_history_shift_id": "",
    "machine_history_shift_name": "TESTE",
    "machine_history_shift_start": "2025-10-14 07:15:00.000000",
    "machine_history_shift_avaliable": "Disponível",
    "machine_history_shift_date_to_report": "2025-10-14 00:00:00.000000",
    "machine_history_shift_end": "2025-10-14 12:00:00.000000",
    "machine_history_user_shop_floor_id": "",
    "machine_history_production_title": "",
    "machine_history_user_shop_floor_name": "",
    "machine_history_production_id": "",
    "machine_history_downtime_id": "",
    "machine_history_downtime_name": "",
    "machine_history_total_time": 0.886872,
    "machine_history_obs": "",
    "machine_history_missing_information": "false",
    "machine_history_description_missing_information": "",
    "machine_history_only_downtime": "false",
    "machine_history_only_production": "true",
    "machine_history_started_report": "2025-10-14 00:00:00.000000",
    "machine_history_finished_report": "2025-10-14 09:35:51.579913"
  }
},
{
  "action": "updated",
  "company_id": "",
  "type": "history",
  "data": {
    "machine_history_id": "081E0ED089F448DE9D9697E2978B858F",
    "machine_id": "REC00003",
    "machine_history_started": "2025-10-14 09:24:23.783632",
    "machine_history_finished": "2025-10-14 09:35:52.338862",
    "machine_history_sensor_status": "OFFLINE",
    "machine_history_production_status": "Producao",
    "machine_history_shift_id": "",
    "machine_history_shift_name": "TESTE",
    "machine_history_shift_start": "2025-10-14 07:15:00.000000",
    "machine_history_shift_avaliable": "Disponível",
    "machine_history_shift_date_to_report": "2025-10-14 00:00:00.000000",
    "machine_history_shift_end": "2025-10-14 12:00:00.000000",
    "machine_history_user_shop_floor_id": "2",
    "machine_history_production_title": "",
    "machine_history_user_shop_floor_name": "Operador2",
    "machine_history_production_id": "",
    "machine_history_downtime_id": "",
    "machine_history_downtime_name": "",
    "machine_history_total_time": 0.191265,
    "machine_history_obs": "david",
    "machine_history_missing_information": "true",
    "machine_history_description_missing_information": "",
    "machine_history_only_downtime": "false",
    "machine_history_only_production": "true",
    "machine_history_started_report": "2025-10-14 09:24:23.783632",
    "machine_history_finished_report": "2025-10-14 09:35:52.338862"
  }
},
{
  "action": "updated",
  "company_id": "",
  "type": "history",
  "data": {
    "machine_history_id": "56BA66ADAF494FF2970CA67ADB700C55",
    "machine_id": "REC00003",
    "machine_history_started": "2025-10-14 09:35:51.712174",
    "machine_history_finished": "2025-10-14 09:36:33.330483",
    "machine_history_sensor_status": "OFFLINE",
    "machine_history_production_status": "Parada",
    "machine_history_shift_id": "",
    "machine_history_shift_name": "TESTE",
    "machine_history_shift_start": "2025-10-14 07:15:00.000000",
    "machine_history_shift_avaliable": "Disponível",
    "machine_history_shift_date_to_report": "2025-10-14 00:00:00.000000",
    "machine_history_shift_end": "2025-10-14 12:00:00.000000",
    "machine_history_user_shop_floor_id": "",
    "machine_history_production_title": "",
    "machine_history_user_shop_floor_name": "",
    "machine_history_production_id": "",
    "machine_history_downtime_id": "",
    "machine_history_downtime_name": "",
    "machine_history_total_time": 0.011561,
    "machine_history_obs": "",
    "machine_history_missing_information": "true",
    "machine_history_description_missing_information": "",
    "machine_history_only_downtime": "true",
    "machine_history_only_production": "false",
    "machine_history_started_report": "2025-10-14 09:35:51.712174",
    "machine_history_finished_report": "2025-10-14 09:36:33.330483"
  }
},
{
  "action": "updated",
  "company_id": "",
  "type": "history",
  "data": {
    "machine_history_id": "39A30AAF88CF4DAB8CD3254555FF4C92",
    "machine_id": "REC00003",
    "machine_history_started": "2025-10-14 09:35:04.737594",
    "machine_history_finished": "2025-10-14 09:37:13.464794",
    "machine_history_sensor_status": "OFFLINE",
    "machine_history_production_status": "Parada",
    "machine_history_shift_id": "",
    "machine_history_shift_name": "TURNO PADRÃO",
    "machine_history_shift_start": "2025-10-14 07:00:00.000000",
    "machine_history_shift_avaliable": "Disponível",
    "machine_history_shift_date_to_report": "2025-10-14 00:00:00.000000",
    "machine_history_shift_end": "2025-10-14 17:00:00.000000",
    "machine_history_user_shop_floor_id": "",
    "machine_history_production_title": "",
    "machine_history_user_shop_floor_name": "",
    "machine_history_production_id": "",
    "machine_history_downtime_id": "",
    "machine_history_downtime_name": "",
    "machine_history_total_time": 0.035758,
    "machine_history_obs": "",
    "machine_history_missing_information": "true",
    "machine_history_description_missing_information": "",
    "machine_history_only_downtime": "true",
    "machine_history_only_production": "false",
    "machine_history_started_report": "2025-10-14 09:35:04.737594",
    "machine_history_finished_report": "2025-10-14 09:37:13.464794"
  }
},
{
  "action": "updated",
  "company_id": "",
  "type": "history",
  "data": {
    "machine_history_id": "722172E56135490ABA9CC56A18F56226",
    "machine_id": "REC00003",
    "machine_history_started": "2025-10-14 09:35:52.338862",
    "machine_history_finished": "2025-10-14 09:35:52.370038",
    "machine_history_sensor_status": "OFFLINE",
    "machine_history_production_status": "Parada",
    "machine_history_shift_id": "",
    "machine_history_shift_name": "TESTE",
    "machine_history_shift_start": "2025-10-14 07:15:00.000000",
    "machine_history_shift_avaliable": "Disponível",
    "machine_history_shift_date_to_report": "2025-10-14 00:00:00.000000",
    "machine_history_shift_end": "2025-10-14 12:00:00.000000",
    "machine_history_user_shop_floor_id": "2",
    "machine_history_production_title": "",
    "machine_history_user_shop_floor_name": "Operador2",
    "machine_history_production_id": "",
    "machine_history_downtime_id": "",
    "machine_history_downtime_name": "",
    "machine_history_total_time": 9e-06,
    "machine_history_obs": "david",
    "machine_history_missing_information": "true",
    "machine_history_description_missing_information": "",
    "machine_history_only_downtime": "true",
    "machine_history_only_production": "false",
    "machine_history_started_report": "2025-10-14 09:35:52.338862",
    "machine_history_finished_report": "2025-10-14 09:35:52.370038"
  }
},
{
  "action": "updated",
  "company_id": "",
  "type": "history",
  "data": {
    "machine_history_id": "21EC7692F4F1419ABC4A8DE3C578E925",
    "machine_id": "REC00003",
    "machine_history_started": "2025-10-14 09:35:52.338862",
    "machine_history_finished": "2025-10-14 09:35:52.370038",
    "machine_history_sensor_status": "OFFLINE",
    "machine_history_production_status": "Producao",
    "machine_history_shift_id": "",
    "machine_history_shift_name": "TESTE",
    "machine_history_shift_start": "2025-10-14 07:15:00.000000",
    "machine_history_shift_avaliable": "Disponível",
    "machine_history_shift_date_to_report": "2025-10-14 00:00:00.000000",
    "machine_history_shift_end": "2025-10-14 12:00:00.000000",
    "machine_history_user_shop_floor_id": "2",
    "machine_history_production_title": "",
    "machine_history_user_shop_floor_name": "Operador2",
    "machine_history_production_id": "",
    "machine_history_downtime_id": "",
    "machine_history_downtime_name": "",
    "machine_history_total_time": 9e-06,
    "machine_history_obs": "david",
    "machine_history_missing_information": "true",
    "machine_history_description_missing_information": "",
    "machine_history_only_downtime": "false",
    "machine_history_only_production": "true",
    "machine_history_started_report": "2025-10-14 09:35:52.338862",
    "machine_history_finished_report": "2025-10-14 09:35:52.370038"
  }
},
{
  "action": "updated",
  "company_id": "",
  "type": "history",
  "data": {
    "machine_history_id": "FD6A550373F046299CB60AD1C8BDC1DA",
    "machine_id": "REC00003",
    "machine_history_started": "2025-10-14 09:36:33.330483",
    "machine_history_finished": "2025-10-14 09:52:25.636096",
    "machine_history_sensor_status": "OFFLINE",
    "machine_history_production_status": "Producao",
    "machine_history_shift_id": "",
    "machine_history_shift_name": "TESTE",
    "machine_history_shift_start": "2025-10-14 07:15:00.000000",
    "machine_history_shift_avaliable": "Disponível",
    "machine_history_shift_date_to_report": "2025-10-14 00:00:00.000000",
    "machine_history_shift_end": "2025-10-14 12:00:00.000000",
    "machine_history_user_shop_floor_id": "",
    "machine_history_production_title": "Ordem de Produção 001",
    "machine_history_user_shop_floor_name": "",
    "machine_history_production_id": "ORDEMPROD-0001",
    "machine_history_downtime_id": "",
    "machine_history_downtime_name": "",
    "machine_history_total_time": 0.264529,
    "machine_history_obs": "",
    "machine_history_missing_information": "true",
    "machine_history_description_missing_information": "",
    "machine_history_only_downtime": "false",
    "machine_history_only_production": "true",
    "machine_history_started_report": "2025-10-14 09:36:33.330483",
    "machine_history_finished_report": "2025-10-14 09:52:25.636096"
  }
},
{
  "action": "updated",
  "company_id": "",
  "type": "history",
  "data": {
    "machine_history_id": "85FECF09407840CE84B38F9C5FDCA54F",
    "machine_id": "REC00003",
    "machine_history_started": "2025-10-14 09:52:25.636096",
    "machine_history_finished": "2025-10-14 09:52:33.991898",
    "machine_history_sensor_status": "OFFLINE",
    "machine_history_production_status": "Parada",
    "machine_history_shift_id": "",
    "machine_history_shift_name": "TESTE",
    "machine_history_shift_start": "2025-10-14 07:15:00.000000",
    "machine_history_shift_avaliable": "Disponível",
    "machine_history_shift_date_to_report": "2025-10-14 00:00:00.000000",
    "machine_history_shift_end": "2025-10-14 12:00:00.000000",
    "machine_history_user_shop_floor_id": "",
    "machine_history_production_title": "Ordem de Produção 001",
    "machine_history_user_shop_floor_name": "",
    "machine_history_production_id": "ORDEMPROD-0001",
    "machine_history_downtime_id": "",
    "machine_history_downtime_name": "",
    "machine_history_total_time": 0.002321,
    "machine_history_obs": "",
    "machine_history_missing_information": "true",
    "machine_history_description_missing_information": "",
    "machine_history_only_downtime": "true",
    "machine_history_only_production": "false",
    "machine_history_started_report": "2025-10-14 09:52:25.636096",
    "machine_history_finished_report": "2025-10-14 09:52:33.991898"
  }
},
{
  "action": "updated",
  "company_id": "",
  "type": "history",
  "data": {
    "machine_history_id": "FAE0031868954823B46C2AAC2629CB44",
    "machine_id": "REC00003",
    "machine_history_started": "2025-10-14 09:52:33.991898",
    "machine_history_finished": "2025-10-14 09:57:16.065247",
    "machine_history_sensor_status": "OFFLINE",
    "machine_history_production_status": "Producao",
    "machine_history_shift_id": "",
    "machine_history_shift_name": "TESTE",
    "machine_history_shift_start": "2025-10-14 07:15:00.000000",
    "machine_history_shift_avaliable": "Disponível",
    "machine_history_shift_date_to_report": "2025-10-14 00:00:00.000000",
    "machine_history_shift_end": "2025-10-14 12:00:00.000000",
    "machine_history_user_shop_floor_id": "",
    "machine_history_production_title": "Ordem de Produção 001",
    "machine_history_user_shop_floor_name": "",
    "machine_history_production_id": "ORDEMPROD-0001",
    "machine_history_downtime_id": "",
    "machine_history_downtime_name": "",
    "machine_history_total_time": 0.078354,
    "machine_history_obs": "",
    "machine_history_missing_information": "true",
    "machine_history_description_missing_information": "",
    "machine_history_only_downtime": "false",
    "machine_history_only_production": "true",
    "machine_history_started_report": "2025-10-14 09:52:33.991898",
    "machine_history_finished_report": "2025-10-14 09:57:16.065247"
  }
},
{
  "action": "updated",
  "company_id": "",
  "type": "history",
  "data": {
    "machine_history_id": "6BD03E04570F448F9397783AFB80B781",
    "machine_id": "REC00003",
    "machine_history_started": "2025-10-14 09:57:16.065247",
    "machine_history_finished": "2025-10-14 09:57:18.112078",
    "machine_history_sensor_status": "OFFLINE",
    "machine_history_production_status": "Parada",
    "machine_history_shift_id": "",
    "machine_history_shift_name": "TESTE",
    "machine_history_shift_start": "2025-10-14 07:15:00.000000",
    "machine_history_shift_avaliable": "Disponível",
    "machine_history_shift_date_to_report": "2025-10-14 00:00:00.000000",
    "machine_history_shift_end": "2025-10-14 12:00:00.000000",
    "machine_history_user_shop_floor_id": "",
    "machine_history_production_title": "Ordem de Produção 001",
    "machine_history_user_shop_floor_name": "",
    "machine_history_production_id": "ORDEMPROD-0001",
    "machine_history_downtime_id": "",
    "machine_history_downtime_name": "",
    "machine_history_total_time": 0.000569,
    "machine_history_obs": "",
    "machine_history_missing_information": "true",
    "machine_history_description_missing_information": "",
    "machine_history_only_downtime": "true",
    "machine_history_only_production": "false",
    "machine_history_started_report": "2025-10-14 09:57:16.065247",
    "machine_history_finished_report": "2025-10-14 09:57:18.112078"
  }
},
{
  "action": "updated",
  "company_id": "",
  "type": "history",
  "data": {
    "machine_history_id": "2A2A1E55D8824536A9BCE7345018CBCE",
    "machine_id": "REC00003",
    "machine_history_started": "2025-10-14 09:57:18.112078",
    "machine_history_finished": "2025-10-14 10:01:13.097011",
    "machine_history_sensor_status": "OFFLINE",
    "machine_history_production_status": "Producao",
    "machine_history_shift_id": "",
    "machine_history_shift_name": "TESTE",
    "machine_history_shift_start": "2025-10-14 07:15:00.000000",
    "machine_history_shift_avaliable": "Disponível",
    "machine_history_shift_date_to_report": "2025-10-14 00:00:00.000000",
    "machine_history_shift_end": "2025-10-14 12:00:00.000000",
    "machine_history_user_shop_floor_id": "",
    "machine_history_production_title": "Ordem de Produção 001",
    "machine_history_user_shop_floor_name": "",
    "machine_history_production_id": "ORDEMPROD-0001",
    "machine_history_downtime_id": "",
    "machine_history_downtime_name": "",
    "machine_history_total_time": 0.065274,
    "machine_history_obs": "",
    "machine_history_missing_information": "true",
    "machine_history_description_missing_information": "",
    "machine_history_only_downtime": "false",
    "machine_history_only_production": "true",
    "machine_history_started_report": "2025-10-14 09:57:18.112078",
    "machine_history_finished_report": "2025-10-14 10:01:13.097011"
  }
},
{
  "action": "updated",
  "company_id": "",
  "type": "history",
  "data": {
    "machine_history_id": "5F856754E0CE4BA7B1DFE0D6CC39B4C3",
    "machine_id": "REC00003",
    "machine_history_started": "2025-10-14 10:01:13.618047",
    "machine_history_finished": "2025-10-14 10:01:29.981451",
    "machine_history_sensor_status": "OFFLINE",
    "machine_history_production_status": "Parada",
    "machine_history_shift_id": "",
    "machine_history_shift_name": "TESTE",
    "machine_history_shift_start": "2025-10-14 07:15:00.000000",
    "machine_history_shift_avaliable": "Disponível",
    "machine_history_shift_date_to_report": "2025-10-14 00:00:00.000000",
    "machine_history_shift_end": "2025-10-14 12:00:00.000000",
    "machine_history_user_shop_floor_id": "",
    "machine_history_production_title": "",
    "machine_history_user_shop_floor_name": "",
    "machine_history_production_id": "",
    "machine_history_downtime_id": "",
    "machine_history_downtime_name": "",
    "machine_history_total_time": 0.004545,
    "machine_history_obs": "",
    "machine_history_missing_information": "true",
    "machine_history_description_missing_information": "",
    "machine_history_only_downtime": "true",
    "machine_history_only_production": "false",
    "machine_history_started_report": "2025-10-14 10:01:13.618047",
    "machine_history_finished_report": "2025-10-14 10:01:29.981451"
  }
},
{
  "action": "updated",
  "company_id": "",
  "type": "history",
  "data": {
    "machine_history_id": "BA7DC7B5E8B44F9EBD64E1CBADF15638",
    "machine_id": "REC00003",
    "machine_history_started": "2025-10-14 10:01:29.981451",
    "machine_history_finished": "2025-10-14 10:01:34.239990",
    "machine_history_sensor_status": "OFFLINE",
    "machine_history_production_status": "Producao",
    "machine_history_shift_id": "",
    "machine_history_shift_name": "TESTE",
    "machine_history_shift_start": "2025-10-14 07:15:00.000000",
    "machine_history_shift_avaliable": "Disponível",
    "machine_history_shift_date_to_report": "2025-10-14 00:00:00.000000",
    "machine_history_shift_end": "2025-10-14 12:00:00.000000",
    "machine_history_user_shop_floor_id": "",
    "machine_history_production_title": "Ordem de Produção 001",
    "machine_history_user_shop_floor_name": "",
    "machine_history_production_id": "ORDEMPROD-0001",
    "machine_history_downtime_id": "",
    "machine_history_downtime_name": "",
    "machine_history_total_time": 0.001183,
    "machine_history_obs": "",
    "machine_history_missing_information": "true",
    "machine_history_description_missing_information": "",
    "machine_history_only_downtime": "false",
    "machine_history_only_production": "true",
    "machine_history_started_report": "2025-10-14 10:01:29.981451",
    "machine_history_finished_report": "2025-10-14 10:01:34.239990"
  }
},
{
  "action": "updated",
  "company_id": "",
  "type": "history",
  "data": {
    "machine_history_id": "030574E42C1D46B1846FFB8E19D244A6",
    "machine_id": "REC00003",
    "machine_history_started": "2025-10-14 10:01:34.239990",
    "machine_history_finished": "2025-10-14 10:01:38.380863",
    "machine_history_sensor_status": "OFFLINE",
    "machine_history_production_status": "Parada",
    "machine_history_shift_id": "",
    "machine_history_shift_name": "TESTE",
    "machine_history_shift_start": "2025-10-14 07:15:00.000000",
    "machine_history_shift_avaliable": "Disponível",
    "machine_history_shift_date_to_report": "2025-10-14 00:00:00.000000",
    "machine_history_shift_end": "2025-10-14 12:00:00.000000",
    "machine_history_user_shop_floor_id": "",
    "machine_history_production_title": "Ordem de Produção 001",
    "machine_history_user_shop_floor_name": "",
    "machine_history_production_id": "ORDEMPROD-0001",
    "machine_history_downtime_id": "",
    "machine_history_downtime_name": "",
    "machine_history_total_time": 0.00115,
    "machine_history_obs": "",
    "machine_history_missing_information": "true",
    "machine_history_description_missing_information": "",
    "machine_history_only_downtime": "true",
    "machine_history_only_production": "false",
    "machine_history_started_report": "2025-10-14 10:01:34.239990",
    "machine_history_finished_report": "2025-10-14 10:01:38.380863"
  }
},
{
  "action": "updated",
  "company_id": "",
  "type": "history",
  "data": {
    "machine_history_id": "4EAC1F42AFB948E3A77E7FE5A5326A7F",
    "machine_id": "REC00003",
    "machine_history_started": "2025-10-14 10:01:34.239990",
    "machine_history_finished": "2025-10-14 10:01:38.380863",
    "machine_history_sensor_status": "OFFLINE",
    "machine_history_production_status": "Producao",
    "machine_history_shift_id": "",
    "machine_history_shift_name": "TESTE",
    "machine_history_shift_start": "2025-10-14 07:15:00.000000",
    "machine_history_shift_avaliable": "Disponível",
    "machine_history_shift_date_to_report": "2025-10-14 00:00:00.000000",
    "machine_history_shift_end": "2025-10-14 12:00:00.000000",
    "machine_history_user_shop_floor_id": "",
    "machine_history_production_title": "Ordem de Produção 001",
    "machine_history_user_shop_floor_name": "",
    "machine_history_production_id": "ORDEMPROD-0001",
    "machine_history_downtime_id": "",
    "machine_history_downtime_name": "",
    "machine_history_total_time": 0.00115,
    "machine_history_obs": "",
    "machine_history_missing_information": "true",
    "machine_history_description_missing_information": "",
    "machine_history_only_downtime": "false",
    "machine_history_only_production": "true",
    "machine_history_started_report": "2025-10-14 10:01:34.239990",
    "machine_history_finished_report": "2025-10-14 10:01:38.380863"
  }
},
{
  "action": "updated",
  "company_id": "",
  "type": "history",
  "data": {
    "machine_history_id": "BB1F90218A37485189F2998DA9AD1F09",
    "machine_id": "REC00003",
    "machine_history_started": "2025-10-14 10:01:34.239990",
    "machine_history_finished": "2025-10-14 10:01:38.380863",
    "machine_history_sensor_status": "OFFLINE",
    "machine_history_production_status": "Producao",
    "machine_history_shift_id": "",
    "machine_history_shift_name": "TESTE",
    "machine_history_shift_start": "2025-10-14 07:15:00.000000",
    "machine_history_shift_avaliable": "Disponível",
    "machine_history_shift_date_to_report": "2025-10-14 00:00:00.000000",
    "machine_history_shift_end": "2025-10-14 12:00:00.000000",
    "machine_history_user_shop_floor_id": "",
    "machine_history_production_title": "Ordem de Produção 001",
    "machine_history_user_shop_floor_name": "",
    "machine_history_production_id": "ORDEMPROD-0001",
    "machine_history_downtime_id": "",
    "machine_history_downtime_name": "",
    "machine_history_total_time": 0.00115,
    "machine_history_obs": "",
    "machine_history_missing_information": "true",
    "machine_history_description_missing_information": "",
    "machine_history_only_downtime": "false",
    "machine_history_only_production": "true",
    "machine_history_started_report": "2025-10-14 10:01:34.239990",
    "machine_history_finished_report": "2025-10-14 10:01:38.380863"
  }
},
{
  "action": "updated",
  "company_id": "",
  "type": "history",
  "data": {
    "machine_history_id": "C6AD676CD41E47F590EFAE8CA989EC0F",
    "machine_id": "REC00003",
    "machine_history_started": "2025-10-14 10:01:34.239990",
    "machine_history_finished": "2025-10-14 10:01:38.380863",
    "machine_history_sensor_status": "OFFLINE",
    "machine_history_production_status": "Parada",
    "machine_history_shift_id": "",
    "machine_history_shift_name": "TESTE",
    "machine_history_shift_start": "2025-10-14 07:15:00.000000",
    "machine_history_shift_avaliable": "Disponível",
    "machine_history_shift_date_to_report": "2025-10-14 00:00:00.000000",
    "machine_history_shift_end": "2025-10-14 12:00:00.000000",
    "machine_history_user_shop_floor_id": "",
    "machine_history_production_title": "Ordem de Produção 001",
    "machine_history_user_shop_floor_name": "",
    "machine_history_production_id": "ORDEMPROD-0001",
    "machine_history_downtime_id": "",
    "machine_history_downtime_name": "",
    "machine_history_total_time": 0.00115,
    "machine_history_obs": "",
    "machine_history_missing_information": "true",
    "machine_history_description_missing_information": "",
    "machine_history_only_downtime": "true",
    "machine_history_only_production": "false",
    "machine_history_started_report": "2025-10-14 10:01:34.239990",
    "machine_history_finished_report": "2025-10-14 10:01:38.380863"
  }
},
{
  "action": "updated",
  "company_id": "",
  "type": "history",
  "data": {
    "machine_history_id": "933200C7C239456E86993D72CC422931",
    "machine_id": "REC00003",
    "machine_history_started": "2025-10-14 10:01:38.380863",
    "machine_history_finished": "2025-10-14 10:02:17.340903",
    "machine_history_sensor_status": "OFFLINE",
    "machine_history_production_status": "Producao",
    "machine_history_shift_id": "",
    "machine_history_shift_name": "TESTE",
    "machine_history_shift_start": "2025-10-14 07:15:00.000000",
    "machine_history_shift_avaliable": "Disponível",
    "machine_history_shift_date_to_report": "2025-10-14 00:00:00.000000",
    "machine_history_shift_end": "2025-10-14 12:00:00.000000",
    "machine_history_user_shop_floor_id": "",
    "machine_history_production_title": "Ordem de Produção 001",
    "machine_history_user_shop_floor_name": "",
    "machine_history_production_id": "ORDEMPROD-0001",
    "machine_history_downtime_id": "",
    "machine_history_downtime_name": "",
    "machine_history_total_time": 0.010822,
    "machine_history_obs": "",
    "machine_history_missing_information": "true",
    "machine_history_description_missing_information": "",
    "machine_history_only_downtime": "false",
    "machine_history_only_production": "true",
    "machine_history_started_report": "2025-10-14 10:01:38.380863",
    "machine_history_finished_report": "2025-10-14 10:02:17.340903"
  }
},
{
  "action": "updated",
  "company_id": "",
  "type": "history",
  "data": {
    "machine_history_id": "187870D3C2724457BD3F4EBC0BE731B8",
    "machine_id": "REC00003",
    "machine_history_started": "2025-10-14 10:02:17.340903",
    "machine_history_finished": "2025-10-14 10:03:02.697141",
    "machine_history_sensor_status": "OFFLINE",
    "machine_history_production_status": "Parada",
    "machine_history_shift_id": "",
    "machine_history_shift_name": "TESTE",
    "machine_history_shift_start": "2025-10-14 07:15:00.000000",
    "machine_history_shift_avaliable": "Disponível",
    "machine_history_shift_date_to_report": "2025-10-14 00:00:00.000000",
    "machine_history_shift_end": "2025-10-14 12:00:00.000000",
    "machine_history_user_shop_floor_id": "",
    "machine_history_production_title": "Ordem de Produção 003",
    "machine_history_user_shop_floor_name": "",
    "machine_history_production_id": "ORDEMPROD-0003",
    "machine_history_downtime_id": "",
    "machine_history_downtime_name": "",
    "machine_history_total_time": 0.012599,
    "machine_history_obs": "",
    "machine_history_missing_information": "true",
    "machine_history_description_missing_information": "",
    "machine_history_only_downtime": "true",
    "machine_history_only_production": "false",
    "machine_history_started_report": "2025-10-14 10:02:17.340903",
    "machine_history_finished_report": "2025-10-14 10:03:02.697141"
  }
},
{
  "action": "updated",
  "company_id": "",
  "type": "history",
  "data": {
    "machine_history_id": "C7D839910EDA47B79A4CD6A0C76E8E39",
    "machine_id": "REC00003",
    "machine_history_started": "2025-10-14 10:03:02.697141",
    "machine_history_finished": "2025-10-14 10:03:04.325054",
    "machine_history_sensor_status": "OFFLINE",
    "machine_history_production_status": "Producao",
    "machine_history_shift_id": "",
    "machine_history_shift_name": "TESTE",
    "machine_history_shift_start": "2025-10-14 07:15:00.000000",
    "machine_history_shift_avaliable": "Disponível",
    "machine_history_shift_date_to_report": "2025-10-14 00:00:00.000000",
    "machine_history_shift_end": "2025-10-14 12:00:00.000000",
    "machine_history_user_shop_floor_id": "",
    "machine_history_production_title": "Ordem de Produção 003",
    "machine_history_user_shop_floor_name": "",
    "machine_history_production_id": "ORDEMPROD-0003",
    "machine_history_downtime_id": "",
    "machine_history_downtime_name": "",
    "machine_history_total_time": 0.000452,
    "machine_history_obs": "",
    "machine_history_missing_information": "true",
    "machine_history_description_missing_information": "",
    "machine_history_only_downtime": "false",
    "machine_history_only_production": "true",
    "machine_history_started_report": "2025-10-14 10:03:02.697141",
    "machine_history_finished_report": "2025-10-14 10:03:04.325054"
  }
},
{
  "action": "updated",
  "company_id": "",
  "type": "history",
  "data": {
    "machine_history_id": "EA07F793796C4E1DA785F89C4429BC1E",
    "machine_id": "REC00003",
    "machine_history_started": "2025-10-14 10:03:04.325054",
    "machine_history_finished": "2025-10-14 10:04:23.867828",
    "machine_history_sensor_status": "OFFLINE",
    "machine_history_production_status": "Parada",
    "machine_history_shift_id": "",
    "machine_history_shift_name": "TESTE",
    "machine_history_shift_start": "2025-10-14 07:15:00.000000",
    "machine_history_shift_avaliable": "Disponível",
    "machine_history_shift_date_to_report": "2025-10-14 00:00:00.000000",
    "machine_history_shift_end": "2025-10-14 12:00:00.000000",
    "machine_history_user_shop_floor_id": "",
    "machine_history_production_title": "Ordem de Produção 003",
    "machine_history_user_shop_floor_name": "",
    "machine_history_production_id": "ORDEMPROD-0003",
    "machine_history_downtime_id": "3",
    "machine_history_downtime_name": "Aquecimento",
    "machine_history_total_time": 0.022095,
    "machine_history_obs": "",
    "machine_history_missing_information": "true",
    "machine_history_description_missing_information": "",
    "machine_history_only_downtime": "true",
    "machine_history_only_production": "false",
    "machine_history_started_report": "2025-10-14 10:03:04.325054",
    "machine_history_finished_report": "2025-10-14 10:04:23.867828"
  }
},
{
  "action": "updated",
  "company_id": "",
  "type": "history",
  "data": {
    "machine_history_id": "286C730F803748418A0FFF46894405AA",
    "machine_id": "REC00003",
    "machine_history_started": "2025-10-14 10:04:23.867828",
    "machine_history_finished": "2025-10-14 10:04:49.816180",
    "machine_history_sensor_status": "OFFLINE",
    "machine_history_production_status": "Producao",
    "machine_history_shift_id": "",
    "machine_history_shift_name": "TESTE",
    "machine_history_shift_start": "2025-10-14 07:15:00.000000",
    "machine_history_shift_avaliable": "Disponível",
    "machine_history_shift_date_to_report": "2025-10-14 00:00:00.000000",
    "machine_history_shift_end": "2025-10-14 12:00:00.000000",
    "machine_history_user_shop_floor_id": "",
    "machine_history_production_title": "Ordem de Produção 003",
    "machine_history_user_shop_floor_name": "",
    "machine_history_production_id": "ORDEMPROD-0003",
    "machine_history_downtime_id": "",
    "machine_history_downtime_name": "",
    "machine_history_total_time": 0.007208,
    "machine_history_obs": "",
    "machine_history_missing_information": "true",
    "machine_history_description_missing_information": "",
    "machine_history_only_downtime": "false",
    "machine_history_only_production": "true",
    "machine_history_started_report": "2025-10-14 10:04:23.867828",
    "machine_history_finished_report": "2025-10-14 10:04:49.816180"
  }
},
{
  "action": "updated",
  "company_id": "",
  "type": "history",
  "data": {
    "machine_history_id": "D3C47630F0844C00825643F3C0E8B1AB",
    "machine_id": "REC00003",
    "machine_history_started": "2025-10-14 10:04:49.816180",
    "machine_history_finished": "2025-10-14 10:06:30.232579",
    "machine_history_sensor_status": "OFFLINE",
    "machine_history_production_status": "Parada",
    "machine_history_shift_id": "",
    "machine_history_shift_name": "TESTE",
    "machine_history_shift_start": "2025-10-14 07:15:00.000000",
    "machine_history_shift_avaliable": "Disponível",
    "machine_history_shift_date_to_report": "2025-10-14 00:00:00.000000",
    "machine_history_shift_end": "2025-10-14 12:00:00.000000",
    "machine_history_user_shop_floor_id": "",
    "machine_history_production_title": "Ordem de Produção 003",
    "machine_history_user_shop_floor_name": "",
    "machine_history_production_id": "ORDEMPROD-0003",
    "machine_history_downtime_id": "",
    "machine_history_downtime_name": "",
    "machine_history_total_time": 0.027893,
    "machine_history_obs": "",
    "machine_history_missing_information": "true",
    "machine_history_description_missing_information": "",
    "machine_history_only_downtime": "true",
    "machine_history_only_production": "false",
    "machine_history_started_report": "2025-10-14 10:04:49.816180",
    "machine_history_finished_report": "2025-10-14 10:06:30.232579"
  }
},
{
  "action": "updated",
  "company_id": "",
  "type": "history",
  "data": {
    "machine_history_id": "D20BA616541C427D8C89AD6DE9A8994C",
    "machine_id": "REC00003",
    "machine_history_started": "2025-10-14 10:06:30.232579",
    "machine_history_finished": "2025-10-14 10:06:52.118697",
    "machine_history_sensor_status": "OFFLINE",
    "machine_history_production_status": "Producao",
    "machine_history_shift_id": "",
    "machine_history_shift_name": "TESTE",
    "machine_history_shift_start": "2025-10-14 07:15:00.000000",
    "machine_history_shift_avaliable": "Disponível",
    "machine_history_shift_date_to_report": "2025-10-14 00:00:00.000000",
    "machine_history_shift_end": "2025-10-14 12:00:00.000000",
    "machine_history_user_shop_floor_id": "",
    "machine_history_production_title": "Ordem de Produção 003",
    "machine_history_user_shop_floor_name": "",
    "machine_history_production_id": "ORDEMPROD-0003",
    "machine_history_downtime_id": "",
    "machine_history_downtime_name": "",
    "machine_history_total_time": 0.006079,
    "machine_history_obs": "",
    "machine_history_missing_information": "true",
    "machine_history_description_missing_information": "",
    "machine_history_only_downtime": "false",
    "machine_history_only_production": "true",
    "machine_history_started_report": "2025-10-14 10:06:30.232579",
    "machine_history_finished_report": "2025-10-14 10:06:52.118697"
  }
},
{
  "action": "updated",
  "company_id": "",
  "type": "history",
  "data": {
    "machine_history_id": "9957BA1A088141C693C8CDE35DC255F4",
    "machine_id": "REC00003",
    "machine_history_started": "2025-10-14 10:06:52.118697",
    "machine_history_finished": "2025-10-14 10:07:51.166044",
    "machine_history_sensor_status": "OFFLINE",
    "machine_history_production_status": "Parada",
    "machine_history_shift_id": "",
    "machine_history_shift_name": "TESTE",
    "machine_history_shift_start": "2025-10-14 07:15:00.000000",
    "machine_history_shift_avaliable": "Disponível",
    "machine_history_shift_date_to_report": "2025-10-14 00:00:00.000000",
    "machine_history_shift_end": "2025-10-14 12:00:00.000000",
    "machine_history_user_shop_floor_id": "",
    "machine_history_production_title": "Ordem de Produção 003",
    "machine_history_user_shop_floor_name": "",
    "machine_history_production_id": "ORDEMPROD-0003",
    "machine_history_downtime_id": "",
    "machine_history_downtime_name": "",
    "machine_history_total_time": 0.016402,
    "machine_history_obs": "",
    "machine_history_missing_information": "true",
    "machine_history_description_missing_information": "",
    "machine_history_only_downtime": "true",
    "machine_history_only_production": "false",
    "machine_history_started_report": "2025-10-14 10:06:52.118697",
    "machine_history_finished_report": "2025-10-14 10:07:51.166044"
  }
},
{
  "action": "updated",
  "company_id": "",
  "type": "history",
  "data": {
    "machine_history_id": "C737B5BCD61749EB9F2395B01C732474",
    "machine_id": "REC00003",
    "machine_history_started": "2025-10-14 10:07:51.166044",
    "machine_history_finished": "2025-10-14 10:09:42.478707",
    "machine_history_sensor_status": "OFFLINE",
    "machine_history_production_status": "Producao",
    "machine_history_shift_id": "",
    "machine_history_shift_name": "TESTE",
    "machine_history_shift_start": "2025-10-14 07:15:00.000000",
    "machine_history_shift_avaliable": "Disponível",
    "machine_history_shift_date_to_report": "2025-10-14 00:00:00.000000",
    "machine_history_shift_end": "2025-10-14 12:00:00.000000",
    "machine_history_user_shop_floor_id": "",
    "machine_history_production_title": "Ordem de Produção 003",
    "machine_history_user_shop_floor_name": "",
    "machine_history_production_id": "ORDEMPROD-0003",
    "machine_history_downtime_id": "",
    "machine_history_downtime_name": "",
    "machine_history_total_time": 0.03092,
    "machine_history_obs": "",
    "machine_history_missing_information": "true",
    "machine_history_description_missing_information": "",
    "machine_history_only_downtime": "false",
    "machine_history_only_production": "true",
    "machine_history_started_report": "2025-10-14 10:07:51.166044",
    "machine_history_finished_report": "2025-10-14 10:09:42.478707"
  }
},
{
  "action": "updated",
  "company_id": "",
  "type": "history",
  "data": {
    "machine_history_id": "FC1CD3268F554730A3423571937F9973",
    "machine_id": "REC00003",
    "machine_history_started": "2025-10-14 10:09:42.886209",
    "machine_history_finished": "2025-10-14 10:09:59.819303",
    "machine_history_sensor_status": "OFFLINE",
    "machine_history_production_status": "Parada",
    "machine_history_shift_id": "",
    "machine_history_shift_name": "TESTE",
    "machine_history_shift_start": "2025-10-14 07:15:00.000000",
    "machine_history_shift_avaliable": "Disponível",
    "machine_history_shift_date_to_report": "2025-10-14 00:00:00.000000",
    "machine_history_shift_end": "2025-10-14 12:00:00.000000",
    "machine_history_user_shop_floor_id": "",
    "machine_history_production_title": "",
    "machine_history_user_shop_floor_name": "",
    "machine_history_production_id": "",
    "machine_history_downtime_id": "",
    "machine_history_downtime_name": "",
    "machine_history_total_time": 0.004704,
    "machine_history_obs": "",
    "machine_history_missing_information": "true",
    "machine_history_description_missing_information": "",
    "machine_history_only_downtime": "true",
    "machine_history_only_production": "false",
    "machine_history_started_report": "2025-10-14 10:09:42.886209",
    "machine_history_finished_report": "2025-10-14 10:09:59.819303"
  }
},
{
  "action": "updated",
  "company_id": "",
  "type": "history",
  "data": {
    "machine_history_id": "B1DD0770C378487EB315BCFBEB30C427",
    "machine_id": "REC00003",
    "machine_history_started": "2025-10-14 10:09:59.819303",
    "machine_history_finished": "2025-10-14 10:10:04.741505",
    "machine_history_sensor_status": "OFFLINE",
    "machine_history_production_status": "Producao",
    "machine_history_shift_id": "",
    "machine_history_shift_name": "TESTE",
    "machine_history_shift_start": "2025-10-14 07:15:00.000000",
    "machine_history_shift_avaliable": "Disponível",
    "machine_history_shift_date_to_report": "2025-10-14 00:00:00.000000",
    "machine_history_shift_end": "2025-10-14 12:00:00.000000",
    "machine_history_user_shop_floor_id": "",
    "machine_history_production_title": "Ordem de Produção 001",
    "machine_history_user_shop_floor_name": "",
    "machine_history_production_id": "ORDEMPROD-0001",
    "machine_history_downtime_id": "",
    "machine_history_downtime_name": "",
    "machine_history_total_time": 0.001367,
    "machine_history_obs": "",
    "machine_history_missing_information": "true",
    "machine_history_description_missing_information": "",
    "machine_history_only_downtime": "false",
    "machine_history_only_production": "true",
    "machine_history_started_report": "2025-10-14 10:09:59.819303",
    "machine_history_finished_report": "2025-10-14 10:10:04.741505"
  }
},
{
  "action": "updated",
  "company_id": "",
  "type": "history",
  "data": {
    "machine_history_id": "1B8E2BD795B548B9B5091FFD6747DA3E",
    "machine_id": "REC00003",
    "machine_history_started": "2025-10-14 10:10:04.741505",
    "machine_history_finished": "2025-10-14 10:13:26.750934",
    "machine_history_sensor_status": "OFFLINE",
    "machine_history_production_status": "Parada",
    "machine_history_shift_id": "",
    "machine_history_shift_name": "TESTE",
    "machine_history_shift_start": "2025-10-14 07:15:00.000000",
    "machine_history_shift_avaliable": "Disponível",
    "machine_history_shift_date_to_report": "2025-10-14 00:00:00.000000",
    "machine_history_shift_end": "2025-10-14 12:00:00.000000",
    "machine_history_user_shop_floor_id": "",
    "machine_history_production_title": "Ordem de Produção 001",
    "machine_history_user_shop_floor_name": "",
    "machine_history_production_id": "ORDEMPROD-0001",
    "machine_history_downtime_id": "",
    "machine_history_downtime_name": "",
    "machine_history_total_time": 0.056114,
    "machine_history_obs": "",
    "machine_history_missing_information": "true",
    "machine_history_description_missing_information": "",
    "machine_history_only_downtime": "true",
    "machine_history_only_production": "false",
    "machine_history_started_report": "2025-10-14 10:10:04.741505",
    "machine_history_finished_report": "2025-10-14 10:13:26.750934"
  }
},
{
  "action": "updated",
  "company_id": "",
  "type": "history",
  "data": {
    "machine_history_id": "3082313A0FE248DC942C498C91168A4E",
    "machine_id": "REC00003",
    "machine_history_started": "2025-10-14 10:13:26.750934",
    "machine_history_finished": "2025-10-14 10:13:28.133242",
    "machine_history_sensor_status": "OFFLINE",
    "machine_history_production_status": "Producao",
    "machine_history_shift_id": "",
    "machine_history_shift_name": "TESTE",
    "machine_history_shift_start": "2025-10-14 07:15:00.000000",
    "machine_history_shift_avaliable": "Disponível",
    "machine_history_shift_date_to_report": "2025-10-14 00:00:00.000000",
    "machine_history_shift_end": "2025-10-14 12:00:00.000000",
    "machine_history_user_shop_floor_id": "",
    "machine_history_production_title": "Ordem de Produção 001",
    "machine_history_user_shop_floor_name": "",
    "machine_history_production_id": "ORDEMPROD-0001",
    "machine_history_downtime_id": "",
    "machine_history_downtime_name": "",
    "machine_history_total_time": 0.000384,
    "machine_history_obs": "",
    "machine_history_missing_information": "true",
    "machine_history_description_missing_information": "",
    "machine_history_only_downtime": "false",
    "machine_history_only_production": "true",
    "machine_history_started_report": "2025-10-14 10:13:26.750934",
    "machine_history_finished_report": "2025-10-14 10:13:28.133242"
  }
},
{
  "action": "updated",
  "company_id": "",
  "type": "history",
  "data": {
    "machine_history_id": "5E1A56EEA883462795176C3AE362567F",
    "machine_id": "REC00003",
    "machine_history_started": "2025-10-14 10:13:28.133242",
    "machine_history_finished": "2025-10-14 10:14:10.161324",
    "machine_history_sensor_status": "OFFLINE",
    "machine_history_production_status": "Parada",
    "machine_history_shift_id": "",
    "machine_history_shift_name": "TESTE",
    "machine_history_shift_start": "2025-10-14 07:15:00.000000",
    "machine_history_shift_avaliable": "Disponível",
    "machine_history_shift_date_to_report": "2025-10-14 00:00:00.000000",
    "machine_history_shift_end": "2025-10-14 12:00:00.000000",
    "machine_history_user_shop_floor_id": "",
    "machine_history_production_title": "Ordem de Produção 001",
    "machine_history_user_shop_floor_name": "",
    "machine_history_production_id": "ORDEMPROD-0001",
    "machine_history_downtime_id": "",
    "machine_history_downtime_name": "",
    "machine_history_total_time": 0.011674,
    "machine_history_obs": "",
    "machine_history_missing_information": "true",
    "machine_history_description_missing_information": "",
    "machine_history_only_downtime": "true",
    "machine_history_only_production": "false",
    "machine_history_started_report": "2025-10-14 10:13:28.133242",
    "machine_history_finished_report": "2025-10-14 10:14:10.161324"
  }
},
{
  "action": "updated",
  "company_id": "",
  "type": "history",
  "data": {
    "machine_history_id": "C9933274223D486AA483842E11E277F5",
    "machine_id": "REC00003",
    "machine_history_started": "2025-10-14 10:14:10.560182",
    "machine_history_finished": "2025-10-14 10:14:25.059128",
    "machine_history_sensor_status": "OFFLINE",
    "machine_history_production_status": "Parada",
    "machine_history_shift_id": "",
    "machine_history_shift_name": "TESTE",
    "machine_history_shift_start": "2025-10-14 07:15:00.000000",
    "machine_history_shift_avaliable": "Disponível",
    "machine_history_shift_date_to_report": "2025-10-14 00:00:00.000000",
    "machine_history_shift_end": "2025-10-14 12:00:00.000000",
    "machine_history_user_shop_floor_id": "",
    "machine_history_production_title": "",
    "machine_history_user_shop_floor_name": "",
    "machine_history_production_id": "",
    "machine_history_downtime_id": "",
    "machine_history_downtime_name": "",
    "machine_history_total_time": 0.004027,
    "machine_history_obs": "",
    "machine_history_missing_information": "true",
    "machine_history_description_missing_information": "",
    "machine_history_only_downtime": "true",
    "machine_history_only_production": "false",
    "machine_history_started_report": "2025-10-14 10:14:10.560182",
    "machine_history_finished_report": "2025-10-14 10:14:25.059128"
  }
},
{
  "action": "updated",
  "company_id": "",
  "type": "history",
  "data": {
    "machine_history_id": "1706D1DE4E3846BBA00BC3E8038CAB75",
    "machine_id": "REC00003",
    "machine_history_started": "2025-10-14 10:14:25.059128",
    "machine_history_finished": "2025-10-14 10:14:29.429039",
    "machine_history_sensor_status": "OFFLINE",
    "machine_history_production_status": "Producao",
    "machine_history_shift_id": "",
    "machine_history_shift_name": "TESTE",
    "machine_history_shift_start": "2025-10-14 07:15:00.000000",
    "machine_history_shift_avaliable": "Disponível",
    "machine_history_shift_date_to_report": "2025-10-14 00:00:00.000000",
    "machine_history_shift_end": "2025-10-14 12:00:00.000000",
    "machine_history_user_shop_floor_id": "",
    "machine_history_production_title": "Ordem de Produção 001",
    "machine_history_user_shop_floor_name": "",
    "machine_history_production_id": "ORDEMPROD-0001",
    "machine_history_downtime_id": "",
    "machine_history_downtime_name": "",
    "machine_history_total_time": 0.001214,
    "machine_history_obs": "",
    "machine_history_missing_information": "true",
    "machine_history_description_missing_information": "",
    "machine_history_only_downtime": "false",
    "machine_history_only_production": "true",
    "machine_history_started_report": "2025-10-14 10:14:25.059128",
    "machine_history_finished_report": "2025-10-14 10:14:29.429039"
  }
},
{
  "action": "updated",
  "company_id": "",
  "type": "history",
  "data": {
    "machine_history_id": "E25F1106402D432E822FE601AD8FE491",
    "machine_id": "REC00003",
    "machine_history_started": "2025-10-14 10:14:29.429039",
    "machine_history_finished": "2025-10-14 10:21:28.761453",
    "machine_history_sensor_status": "OFFLINE",
    "machine_history_production_status": "Parada",
    "machine_history_shift_id": "",
    "machine_history_shift_name": "TESTE",
    "machine_history_shift_start": "2025-10-14 07:15:00.000000",
    "machine_history_shift_avaliable": "Disponível",
    "machine_history_shift_date_to_report": "2025-10-14 00:00:00.000000",
    "machine_history_shift_end": "2025-10-14 12:00:00.000000",
    "machine_history_user_shop_floor_id": "",
    "machine_history_production_title": "Ordem de Produção 001",
    "machine_history_user_shop_floor_name": "",
    "machine_history_production_id": "ORDEMPROD-0001",
    "machine_history_downtime_id": "",
    "machine_history_downtime_name": "",
    "machine_history_total_time": 0.116481,
    "machine_history_obs": "",
    "machine_history_missing_information": "true",
    "machine_history_description_missing_information": "",
    "machine_history_only_downtime": "true",
    "machine_history_only_production": "false",
    "machine_history_started_report": "2025-10-14 10:14:29.429039",
    "machine_history_finished_report": "2025-10-14 10:21:28.761453"
  }
},
{
  "action": "updated",
  "company_id": "",
  "type": "history",
  "data": {
    "machine_history_id": "284737917CD8446EA7EF71F7A34897AF",
    "machine_id": "REC00003",
    "machine_history_started": "2025-10-14 09:37:13.464794",
    "machine_history_finished": "2025-10-14 10:22:05.094395",
    "machine_history_sensor_status": "OFFLINE",
    "machine_history_production_status": "Producao",
    "machine_history_shift_id": "",
    "machine_history_shift_name": "TURNO PADRÃO",
    "machine_history_shift_start": "2025-10-14 07:00:00.000000",
    "machine_history_shift_avaliable": "Disponível",
    "machine_history_shift_date_to_report": "2025-10-14 00:00:00.000000",
    "machine_history_shift_end": "2025-10-14 17:00:00.000000",
    "machine_history_user_shop_floor_id": "",
    "machine_history_production_title": "",
    "machine_history_user_shop_floor_name": "",
    "machine_history_production_id": "",
    "machine_history_downtime_id": "",
    "machine_history_downtime_name": "",
    "machine_history_total_time": 0.747675,
    "machine_history_obs": "",
    "machine_history_missing_information": "true",
    "machine_history_description_missing_information": "",
    "machine_history_only_downtime": "false",
    "machine_history_only_production": "true",
    "machine_history_started_report": "2025-10-14 09:37:13.464794",
    "machine_history_finished_report": "2025-10-14 10:22:05.094395"
  }
},
{
  "action": "updated",
  "company_id": "",
  "type": "history",
  "data": {
    "machine_history_id": "69AEC9EB00374A72BB659134B2754EE0",
    "machine_id": "REC00003",
    "machine_history_started": "2025-10-14 10:21:28.890548",
    "machine_history_finished": "2025-10-14 10:23:06.334776",
    "machine_history_sensor_status": "OFFLINE",
    "machine_history_production_status": "Parada",
    "machine_history_shift_id": "",
    "machine_history_shift_name": "TESTE",
    "machine_history_shift_start": "2025-10-14 07:15:00.000000",
    "machine_history_shift_avaliable": "Disponível",
    "machine_history_shift_date_to_report": "2025-10-14 00:00:00.000000",
    "machine_history_shift_end": "2025-10-14 12:00:00.000000",
    "machine_history_user_shop_floor_id": "",
    "machine_history_production_title": "",
    "machine_history_user_shop_floor_name": "",
    "machine_history_production_id": "",
    "machine_history_downtime_id": "",
    "machine_history_downtime_name": "",
    "machine_history_total_time": 0.027068,
    "machine_history_obs": "",
    "machine_history_missing_information": "true",
    "machine_history_description_missing_information": "",
    "machine_history_only_downtime": "true",
    "machine_history_only_production": "false",
    "machine_history_started_report": "2025-10-14 10:21:28.890548",
    "machine_history_finished_report": "2025-10-14 10:23:06.334776"
  }
},
{
  "action": "updated",
  "company_id": "",
  "type": "history",
  "data": {
    "machine_history_id": "F7A3F8E239CC4E00B4B87ABAE2463638",
    "machine_id": "REC00003",
    "machine_history_started": "2025-10-14 10:23:06.334776",
    "machine_history_finished": "2025-10-14 10:23:28.904130",
    "machine_history_sensor_status": "OFFLINE",
    "machine_history_production_status": "Producao",
    "machine_history_shift_id": "",
    "machine_history_shift_name": "TESTE",
    "machine_history_shift_start": "2025-10-14 07:15:00.000000",
    "machine_history_shift_avaliable": "Disponível",
    "machine_history_shift_date_to_report": "2025-10-14 00:00:00.000000",
    "machine_history_shift_end": "2025-10-14 12:00:00.000000",
    "machine_history_user_shop_floor_id": "",
    "machine_history_production_title": "Ordem de Produção 001",
    "machine_history_user_shop_floor_name": "",
    "machine_history_production_id": "ORDEMPROD-0001",
    "machine_history_downtime_id": "",
    "machine_history_downtime_name": "",
    "machine_history_total_time": 0.006269,
    "machine_history_obs": "",
    "machine_history_missing_information": "true",
    "machine_history_description_missing_information": "",
    "machine_history_only_downtime": "false",
    "machine_history_only_production": "true",
    "machine_history_started_report": "2025-10-14 10:23:06.334776",
    "machine_history_finished_report": "2025-10-14 10:23:28.904130"
  }
},
{
  "action": "updated",
  "company_id": "",
  "type": "history",
  "data": {
    "machine_history_id": "1FCCE6A783754D7685C9677651042476",
    "machine_id": "REC00003",
    "machine_history_started": "2025-10-14 10:23:28.904130",
    "machine_history_finished": "2025-10-14 10:24:35.649392",
    "machine_history_sensor_status": "OFFLINE",
    "machine_history_production_status": "Parada",
    "machine_history_shift_id": "",
    "machine_history_shift_name": "TESTE",
    "machine_history_shift_start": "2025-10-14 07:15:00.000000",
    "machine_history_shift_avaliable": "Disponível",
    "machine_history_shift_date_to_report": "2025-10-14 00:00:00.000000",
    "machine_history_shift_end": "2025-10-14 12:00:00.000000",
    "machine_history_user_shop_floor_id": "",
    "machine_history_production_title": "Ordem de Produção 001",
    "machine_history_user_shop_floor_name": "",
    "machine_history_production_id": "ORDEMPROD-0001",
    "machine_history_downtime_id": "",
    "machine_history_downtime_name": "",
    "machine_history_total_time": 0.01854,
    "machine_history_obs": "",
    "machine_history_missing_information": "true",
    "machine_history_description_missing_information": "",
    "machine_history_only_downtime": "true",
    "machine_history_only_production": "false",
    "machine_history_started_report": "2025-10-14 10:23:28.904130",
    "machine_history_finished_report": "2025-10-14 10:24:35.649392"
  }
},
{
  "action": "updated",
  "company_id": "",
  "type": "history",
  "data": {
    "machine_history_id": "DB117B23FD8E475EA3AEB348376910A2",
    "machine_id": "REC00003",
    "machine_history_started": "2025-10-14 10:24:35.649392",
    "machine_history_finished": "2025-10-14 10:27:47.187244",
    "machine_history_sensor_status": "OFFLINE",
    "machine_history_production_status": "Producao",
    "machine_history_shift_id": "",
    "machine_history_shift_name": "TESTE",
    "machine_history_shift_start": "2025-10-14 07:15:00.000000",
    "machine_history_shift_avaliable": "Disponível",
    "machine_history_shift_date_to_report": "2025-10-14 00:00:00.000000",
    "machine_history_shift_end": "2025-10-14 12:00:00.000000",
    "machine_history_user_shop_floor_id": "",
    "machine_history_production_title": "Ordem de Produção 001",
    "machine_history_user_shop_floor_name": "",
    "machine_history_production_id": "ORDEMPROD-0001",
    "machine_history_downtime_id": "",
    "machine_history_downtime_name": "",
    "machine_history_total_time": 0.053205,
    "machine_history_obs": "",
    "machine_history_missing_information": "true",
    "machine_history_description_missing_information": "",
    "machine_history_only_downtime": "false",
    "machine_history_only_production": "true",
    "machine_history_started_report": "2025-10-14 10:24:35.649392",
    "machine_history_finished_report": "2025-10-14 10:27:47.187244"
  }
},
{
  "action": "updated",
  "company_id": "",
  "type": "history",
  "data": {
    "machine_history_id": "D11165E50FF94101958EF77FD4D07021",
    "machine_id": "REC00003",
    "machine_history_started": "2025-10-14 10:22:05.909699",
    "machine_history_finished": "2025-10-14 10:30:27.679512",
    "machine_history_sensor_status": "OFFLINE",
    "machine_history_production_status": "Parada",
    "machine_history_shift_id": "",
    "machine_history_shift_name": "TURNO PADRÃO",
    "machine_history_shift_start": "2025-10-14 07:00:00.000000",
    "machine_history_shift_avaliable": "Disponível",
    "machine_history_shift_date_to_report": "2025-10-14 00:00:00.000000",
    "machine_history_shift_end": "2025-10-14 17:00:00.000000",
    "machine_history_user_shop_floor_id": "",
    "machine_history_production_title": "Ordem de Produção 001",
    "machine_history_user_shop_floor_name": "",
    "machine_history_production_id": "ORDEMPROD-0001",
    "machine_history_downtime_id": "",
    "machine_history_downtime_name": "",
    "machine_history_total_time": 0.139381,
    "machine_history_obs": "",
    "machine_history_missing_information": "true",
    "machine_history_description_missing_information": "",
    "machine_history_only_downtime": "true",
    "machine_history_only_production": "false",
    "machine_history_started_report": "2025-10-14 10:22:05.909699",
    "machine_history_finished_report": "2025-10-14 10:30:27.679512"
  }
},
{
  "action": "updated",
  "company_id": "",
  "type": "history",
  "data": {
    "machine_history_id": "68E9002DBE424C83BC90EEBDC8256EA4",
    "machine_id": "REC00003",
    "machine_history_started": "2025-10-14 10:30:27.679512",
    "machine_history_finished": "2025-10-14 10:59:28.811813",
    "machine_history_sensor_status": "OFFLINE",
    "machine_history_production_status": "Producao",
    "machine_history_shift_id": "",
    "machine_history_shift_name": "TURNO PADRÃO",
    "machine_history_shift_start": "2025-10-14 07:00:00.000000",
    "machine_history_shift_avaliable": "Disponível",
    "machine_history_shift_date_to_report": "2025-10-14 00:00:00.000000",
    "machine_history_shift_end": "2025-10-14 17:00:00.000000",
    "machine_history_user_shop_floor_id": "",
    "machine_history_production_title": "Ordem de Produção 001",
    "machine_history_user_shop_floor_name": "",
    "machine_history_production_id": "ORDEMPROD-0001",
    "machine_history_downtime_id": "",
    "machine_history_downtime_name": "",
    "machine_history_total_time": 0.483648,
    "machine_history_obs": "",
    "machine_history_missing_information": "true",
    "machine_history_description_missing_information": "",
    "machine_history_only_downtime": "false",
    "machine_history_only_production": "true",
    "machine_history_started_report": "2025-10-14 10:30:27.679512",
    "machine_history_finished_report": "2025-10-14 10:59:28.811813"
  }
},
{
  "action": "updated",
  "company_id": "",
  "type": "history",
  "data": {
    "machine_history_id": "E7E6C5CA9080485ABEEFF59D884AC8FE",
    "machine_id": "REC00003",
    "machine_history_started": "2025-10-14 10:59:28.811813",
    "machine_history_finished": "2025-10-14 11:00:30.793557",
    "machine_history_sensor_status": "OFFLINE",
    "machine_history_production_status": "Parada",
    "machine_history_shift_id": "",
    "machine_history_shift_name": "TURNO PADRÃO",
    "machine_history_shift_start": "2025-10-14 07:00:00.000000",
    "machine_history_shift_avaliable": "Disponível",
    "machine_history_shift_date_to_report": "2025-10-14 00:00:00.000000",
    "machine_history_shift_end": "2025-10-14 17:00:00.000000",
    "machine_history_user_shop_floor_id": "",
    "machine_history_production_title": "Ordem de Produção 001",
    "machine_history_user_shop_floor_name": "",
    "machine_history_production_id": "ORDEMPROD-0001",
    "machine_history_downtime_id": "",
    "machine_history_downtime_name": "",
    "machine_history_total_time": 0.017217,
    "machine_history_obs": "",
    "machine_history_missing_information": "true",
    "machine_history_description_missing_information": "",
    "machine_history_only_downtime": "true",
    "machine_history_only_production": "false",
    "machine_history_started_report": "2025-10-14 10:59:28.811813",
    "machine_history_finished_report": "2025-10-14 11:00:30.793557"
  }
},
{
  "action": "updated",
  "company_id": "",
  "type": "history",
  "data": {
    "machine_history_id": "F329BD8AA43C47FF9FE7F2D386FB50DA",
    "machine_id": "REC00003",
    "machine_history_started": "2025-10-14 11:00:30.793557",
    "machine_history_finished": "2025-10-14 11:02:16.436177",
    "machine_history_sensor_status": "OFFLINE",
    "machine_history_production_status": "Producao",
    "machine_history_shift_id": "",
    "machine_history_shift_name": "TURNO PADRÃO",
    "machine_history_shift_start": "2025-10-14 07:00:00.000000",
    "machine_history_shift_avaliable": "Disponível",
    "machine_history_shift_date_to_report": "2025-10-14 00:00:00.000000",
    "machine_history_shift_end": "2025-10-14 17:00:00.000000",
    "machine_history_user_shop_floor_id": "",
    "machine_history_production_title": "Ordem de Produção 001",
    "machine_history_user_shop_floor_name": "",
    "machine_history_production_id": "ORDEMPROD-0001",
    "machine_history_downtime_id": "",
    "machine_history_downtime_name": "",
    "machine_history_total_time": 0.029345,
    "machine_history_obs": "",
    "machine_history_missing_information": "true",
    "machine_history_description_missing_information": "",
    "machine_history_only_downtime": "false",
    "machine_history_only_production": "true",
    "machine_history_started_report": "2025-10-14 11:00:30.793557",
    "machine_history_finished_report": "2025-10-14 11:02:16.436177"
  }
},
{
  "action": "updated",
  "company_id": "",
  "type": "history",
  "data": {
    "machine_history_id": "70121FA0865040B6901011F75A7FCD2E",
    "machine_id": "REC00003",
    "machine_history_started": "2025-10-14 11:02:16.436177",
    "machine_history_finished": "2025-10-14 11:22:52.013695",
    "machine_history_sensor_status": "OFFLINE",
    "machine_history_production_status": "Parada",
    "machine_history_shift_id": "",
    "machine_history_shift_name": "TURNO PADRÃO",
    "machine_history_shift_start": "2025-10-14 07:00:00.000000",
    "machine_history_shift_avaliable": "Disponível",
    "machine_history_shift_date_to_report": "2025-10-14 00:00:00.000000",
    "machine_history_shift_end": "2025-10-14 17:00:00.000000",
    "machine_history_user_shop_floor_id": "",
    "machine_history_production_title": "Ordem de Produção 001",
    "machine_history_user_shop_floor_name": "",
    "machine_history_production_id": "ORDEMPROD-0001",
    "machine_history_downtime_id": "",
    "machine_history_downtime_name": "",
    "machine_history_total_time": 0.343216,
    "machine_history_obs": "",
    "machine_history_missing_information": "true",
    "machine_history_description_missing_information": "",
    "machine_history_only_downtime": "true",
    "machine_history_only_production": "false",
    "machine_history_started_report": "2025-10-14 11:02:16.436177",
    "machine_history_finished_report": "2025-10-14 11:22:52.013695"
  }
},
{
  "action": "updated",
  "company_id": "",
  "type": "history",
  "data": {
    "machine_history_id": "702E1EC961BA45189A16BB4125A1B3D9",
    "machine_id": "REC00003",
    "machine_history_started": "2025-10-14 11:02:16.436177",
    "machine_history_finished": "2025-10-14 11:22:52.013695",
    "machine_history_sensor_status": "OFFLINE",
    "machine_history_production_status": "Parada",
    "machine_history_shift_id": "",
    "machine_history_shift_name": "TURNO PADRÃO",
    "machine_history_shift_start": "2025-10-14 07:00:00.000000",
    "machine_history_shift_avaliable": "Disponível",
    "machine_history_shift_date_to_report": "2025-10-14 00:00:00.000000",
    "machine_history_shift_end": "2025-10-14 17:00:00.000000",
    "machine_history_user_shop_floor_id": "",
    "machine_history_production_title": "Ordem de Produção 001",
    "machine_history_user_shop_floor_name": "",
    "machine_history_production_id": "ORDEMPROD-0001",
    "machine_history_downtime_id": "",
    "machine_history_downtime_name": "",
    "machine_history_total_time": 0.343216,
    "machine_history_obs": "",
    "machine_history_missing_information": "true",
    "machine_history_description_missing_information": "",
    "machine_history_only_downtime": "true",
    "machine_history_only_production": "false",
    "machine_history_started_report": "2025-10-14 11:02:16.436177",
    "machine_history_finished_report": "2025-10-14 11:22:52.013695"
  }
},
{
  "action": "updated",
  "company_id": "",
  "type": "history",
  "data": {
    "machine_history_id": "5D63F541AC6A490EB8CE1BA63DCA7462",
    "machine_id": "REC00003",
    "machine_history_started": "2025-10-14 11:22:52.013695",
    "machine_history_finished": "2025-10-14 11:29:10.131424",
    "machine_history_sensor_status": "OFFLINE",
    "machine_history_production_status": "Producao",
    "machine_history_shift_id": "",
    "machine_history_shift_name": "TURNO PADRÃO",
    "machine_history_shift_start": "2025-10-14 07:00:00.000000",
    "machine_history_shift_avaliable": "Disponível",
    "machine_history_shift_date_to_report": "2025-10-14 00:00:00.000000",
    "machine_history_shift_end": "2025-10-14 17:00:00.000000",
    "machine_history_user_shop_floor_id": "",
    "machine_history_production_title": "Ordem de Produção 001",
    "machine_history_user_shop_floor_name": "",
    "machine_history_production_id": "ORDEMPROD-0001",
    "machine_history_downtime_id": "",
    "machine_history_downtime_name": "",
    "machine_history_total_time": 0.105033,
    "machine_history_obs": "",
    "machine_history_missing_information": "true",
    "machine_history_description_missing_information": "",
    "machine_history_only_downtime": "false",
    "machine_history_only_production": "true",
    "machine_history_started_report": "2025-10-14 11:22:52.013695",
    "machine_history_finished_report": "2025-10-14 11:29:10.131424"
  }
},
{
  "action": "updated",
  "company_id": "",
  "type": "history",
  "data": {
    "machine_history_id": "5D74A0DB0172404FBBE715F54C25B070",
    "machine_id": "REC00003",
    "machine_history_started": "2025-10-14 11:22:52.013695",
    "machine_history_finished": "2025-10-14 11:29:10.131424",
    "machine_history_sensor_status": "OFFLINE",
    "machine_history_production_status": "Producao",
    "machine_history_shift_id": "",
    "machine_history_shift_name": "TURNO PADRÃO",
    "machine_history_shift_start": "2025-10-14 07:00:00.000000",
    "machine_history_shift_avaliable": "Disponível",
    "machine_history_shift_date_to_report": "2025-10-14 00:00:00.000000",
    "machine_history_shift_end": "2025-10-14 17:00:00.000000",
    "machine_history_user_shop_floor_id": "",
    "machine_history_production_title": "Ordem de Produção 001",
    "machine_history_user_shop_floor_name": "",
    "machine_history_production_id": "ORDEMPROD-0001",
    "machine_history_downtime_id": "",
    "machine_history_downtime_name": "",
    "machine_history_total_time": 0.105033,
    "machine_history_obs": "",
    "machine_history_missing_information": "true",
    "machine_history_description_missing_information": "",
    "machine_history_only_downtime": "false",
    "machine_history_only_production": "true",
    "machine_history_started_report": "2025-10-14 11:22:52.013695",
    "machine_history_finished_report": "2025-10-14 11:29:10.131424"
  }
},
{
  "action": "updated",
  "company_id": "",
  "type": "history",
  "data": {
    "machine_history_id": "A6A3EE77024543A3B730F6AE214543B5",
    "machine_id": "REC00003",
    "machine_history_started": "2025-10-14 11:29:10.131424",
    "machine_history_finished": "2025-10-14 11:29:46.834183",
    "machine_history_sensor_status": "OFFLINE",
    "machine_history_production_status": "Parada",
    "machine_history_shift_id": "",
    "machine_history_shift_name": "TURNO PADRÃO",
    "machine_history_shift_start": "2025-10-14 07:00:00.000000",
    "machine_history_shift_avaliable": "Disponível",
    "machine_history_shift_date_to_report": "2025-10-14 00:00:00.000000",
    "machine_history_shift_end": "2025-10-14 17:00:00.000000",
    "machine_history_user_shop_floor_id": "",
    "machine_history_production_title": "Ordem de Produção 001",
    "machine_history_user_shop_floor_name": "",
    "machine_history_production_id": "ORDEMPROD-0001",
    "machine_history_downtime_id": "1",
    "machine_history_downtime_name": "Limpeza",
    "machine_history_total_time": 0.010195,
    "machine_history_obs": "",
    "machine_history_missing_information": "true",
    "machine_history_description_missing_information": "",
    "machine_history_only_downtime": "true",
    "machine_history_only_production": "false",
    "machine_history_started_report": "2025-10-14 11:29:10.131424",
    "machine_history_finished_report": "2025-10-14 11:29:46.834183"
  }
},
{
  "action": "updated",
  "company_id": "",
  "type": "history",
  "data": {
    "machine_history_id": "D9B5E6E78D4F4BFB9696E1F8537DC77C",
    "machine_id": "REC00003",
    "machine_history_started": "2025-10-14 11:29:46.834183",
    "machine_history_finished": "2025-10-14 11:31:46.677583",
    "machine_history_sensor_status": "OFFLINE",
    "machine_history_production_status": "Producao",
    "machine_history_shift_id": "",
    "machine_history_shift_name": "TURNO PADRÃO",
    "machine_history_shift_start": "2025-10-14 07:00:00.000000",
    "machine_history_shift_avaliable": "Disponível",
    "machine_history_shift_date_to_report": "2025-10-14 00:00:00.000000",
    "machine_history_shift_end": "2025-10-14 17:00:00.000000",
    "machine_history_user_shop_floor_id": "",
    "machine_history_production_title": "Ordem de Produção 001",
    "machine_history_user_shop_floor_name": "",
    "machine_history_production_id": "ORDEMPROD-0001",
    "machine_history_downtime_id": "",
    "machine_history_downtime_name": "",
    "machine_history_total_time": 0.03329,
    "machine_history_obs": "",
    "machine_history_missing_information": "true",
    "machine_history_description_missing_information": "",
    "machine_history_only_downtime": "false",
    "machine_history_only_production": "true",
    "machine_history_started_report": "2025-10-14 11:29:46.834183",
    "machine_history_finished_report": "2025-10-14 11:31:46.677583"
  }
},
{
  "action": "updated",
  "company_id": "",
  "type": "history",
  "data": {
    "machine_history_id": "A14AE52B4FA1495B96E53C0C29961043",
    "machine_id": "REC00003",
    "machine_history_started": "2025-10-14 11:29:46.834183",
    "machine_history_finished": "2025-10-14 11:31:46.677583",
    "machine_history_sensor_status": "OFFLINE",
    "machine_history_production_status": "Producao",
    "machine_history_shift_id": "",
    "machine_history_shift_name": "TURNO PADRÃO",
    "machine_history_shift_start": "2025-10-14 07:00:00.000000",
    "machine_history_shift_avaliable": "Disponível",
    "machine_history_shift_date_to_report": "2025-10-14 00:00:00.000000",
    "machine_history_shift_end": "2025-10-14 17:00:00.000000",
    "machine_history_user_shop_floor_id": "",
    "machine_history_production_title": "Ordem de Produção 001",
    "machine_history_user_shop_floor_name": "",
    "machine_history_production_id": "ORDEMPROD-0001",
    "machine_history_downtime_id": "",
    "machine_history_downtime_name": "",
    "machine_history_total_time": 0.03329,
    "machine_history_obs": "",
    "machine_history_missing_information": "true",
    "machine_history_description_missing_information": "",
    "machine_history_only_downtime": "false",
    "machine_history_only_production": "true",
    "machine_history_started_report": "2025-10-14 11:29:46.834183",
    "machine_history_finished_report": "2025-10-14 11:31:46.677583"
  }
},
{
  "action": "updated",
  "company_id": "",
  "type": "history",
  "data": {
    "machine_history_id": "29FB4ACB7469414CB17C25E985EE1B1E",
    "machine_id": "REC00003",
    "machine_history_started": "2025-10-14 11:31:46.677583",
    "machine_history_finished": "2025-10-14 11:32:21.788354",
    "machine_history_sensor_status": "OFFLINE",
    "machine_history_production_status": "Parada",
    "machine_history_shift_id": "",
    "machine_history_shift_name": "TURNO PADRÃO",
    "machine_history_shift_start": "2025-10-14 07:00:00.000000",
    "machine_history_shift_avaliable": "Disponível",
    "machine_history_shift_date_to_report": "2025-10-14 00:00:00.000000",
    "machine_history_shift_end": "2025-10-14 17:00:00.000000",
    "machine_history_user_shop_floor_id": "",
    "machine_history_production_title": "Ordem de Produção 001",
    "machine_history_user_shop_floor_name": "",
    "machine_history_production_id": "ORDEMPROD-0001",
    "machine_history_downtime_id": "1",
    "machine_history_downtime_name": "Limpeza",
    "machine_history_total_time": 0.009753,
    "machine_history_obs": "",
    "machine_history_missing_information": "true",
    "machine_history_description_missing_information": "",
    "machine_history_only_downtime": "true",
    "machine_history_only_production": "false",
    "machine_history_started_report": "2025-10-14 11:31:46.677583",
    "machine_history_finished_report": "2025-10-14 11:32:21.788354"
  }
},
{
  "action": "updated",
  "company_id": "",
  "type": "history",
  "data": {
    "machine_history_id": "090E744A26AD4FD69224E22BFAB39C12",
    "machine_id": "REC00003",
    "machine_history_started": "2025-10-14 11:32:21.788354",
    "machine_history_finished": "2025-10-14 11:35:04.527988",
    "machine_history_sensor_status": "OFFLINE",
    "machine_history_production_status": "Producao",
    "machine_history_shift_id": "",
    "machine_history_shift_name": "TURNO PADRÃO",
    "machine_history_shift_start": "2025-10-14 07:00:00.000000",
    "machine_history_shift_avaliable": "Disponível",
    "machine_history_shift_date_to_report": "2025-10-14 00:00:00.000000",
    "machine_history_shift_end": "2025-10-14 17:00:00.000000",
    "machine_history_user_shop_floor_id": "",
    "machine_history_production_title": "Ordem de Produção 001",
    "machine_history_user_shop_floor_name": "",
    "machine_history_production_id": "ORDEMPROD-0001",
    "machine_history_downtime_id": "",
    "machine_history_downtime_name": "",
    "machine_history_total_time": 0.045205,
    "machine_history_obs": "",
    "machine_history_missing_information": "true",
    "machine_history_description_missing_information": "",
    "machine_history_only_downtime": "false",
    "machine_history_only_production": "true",
    "machine_history_started_report": "2025-10-14 11:32:21.788354",
    "machine_history_finished_report": "2025-10-14 11:35:04.527988"
  }
},
{
  "action": "updated",
  "company_id": "",
  "type": "history",
  "data": {
    "machine_history_id": "E0D4A086B06545498470FD6D80FED6EE",
    "machine_id": "REC00003",
    "machine_history_started": "2025-10-14 11:32:21.788354",
    "machine_history_finished": "2025-10-14 11:35:04.527988",
    "machine_history_sensor_status": "OFFLINE",
    "machine_history_production_status": "Producao",
    "machine_history_shift_id": "",
    "machine_history_shift_name": "TURNO PADRÃO",
    "machine_history_shift_start": "2025-10-14 07:00:00.000000",
    "machine_history_shift_avaliable": "Disponível",
    "machine_history_shift_date_to_report": "2025-10-14 00:00:00.000000",
    "machine_history_shift_end": "2025-10-14 17:00:00.000000",
    "machine_history_user_shop_floor_id": "",
    "machine_history_production_title": "Ordem de Produção 001",
    "machine_history_user_shop_floor_name": "",
    "machine_history_production_id": "ORDEMPROD-0001",
    "machine_history_downtime_id": "",
    "machine_history_downtime_name": "",
    "machine_history_total_time": 0.045205,
    "machine_history_obs": "",
    "machine_history_missing_information": "true",
    "machine_history_description_missing_information": "",
    "machine_history_only_downtime": "false",
    "machine_history_only_production": "true",
    "machine_history_started_report": "2025-10-14 11:32:21.788354",
    "machine_history_finished_report": "2025-10-14 11:35:04.527988"
  }
},
{
  "action": "updated",
  "company_id": "",
  "type": "history",
  "data": {
    "machine_history_id": "5AF54C2107924072B9A7DFDA29976734",
    "machine_id": "REC00003",
    "machine_history_started": "2025-10-14 11:35:04.527988",
    "machine_history_finished": "2025-10-14 11:36:57.017883",
    "machine_history_sensor_status": "OFFLINE",
    "machine_history_production_status": "Parada",
    "machine_history_shift_id": "",
    "machine_history_shift_name": "TURNO PADRÃO",
    "machine_history_shift_start": "2025-10-14 07:00:00.000000",
    "machine_history_shift_avaliable": "Disponível",
    "machine_history_shift_date_to_report": "2025-10-14 00:00:00.000000",
    "machine_history_shift_end": "2025-10-14 17:00:00.000000",
    "machine_history_user_shop_floor_id": "",
    "machine_history_production_title": "Ordem de Produção 001",
    "machine_history_user_shop_floor_name": "",
    "machine_history_production_id": "ORDEMPROD-0001",
    "machine_history_downtime_id": "1",
    "machine_history_downtime_name": "Limpeza",
    "machine_history_total_time": 0.031247,
    "machine_history_obs": "",
    "machine_history_missing_information": "true",
    "machine_history_description_missing_information": "",
    "machine_history_only_downtime": "true",
    "machine_history_only_production": "false",
    "machine_history_started_report": "2025-10-14 11:35:04.527988",
    "machine_history_finished_report": "2025-10-14 11:36:57.017883"
  }
},
{
  "action": "updated",
  "company_id": "",
  "type": "history",
  "data": {
    "machine_history_id": "B6DBAB78307E4068AE16B03E2169DFA5",
    "machine_id": "REC00003",
    "machine_history_started": "2025-10-14 11:35:04.527988",
    "machine_history_finished": "2025-10-14 11:36:57.017883",
    "machine_history_sensor_status": "OFFLINE",
    "machine_history_production_status": "Parada",
    "machine_history_shift_id": "",
    "machine_history_shift_name": "TURNO PADRÃO",
    "machine_history_shift_start": "2025-10-14 07:00:00.000000",
    "machine_history_shift_avaliable": "Disponível",
    "machine_history_shift_date_to_report": "2025-10-14 00:00:00.000000",
    "machine_history_shift_end": "2025-10-14 17:00:00.000000",
    "machine_history_user_shop_floor_id": "",
    "machine_history_production_title": "Ordem de Produção 001",
    "machine_history_user_shop_floor_name": "",
    "machine_history_production_id": "ORDEMPROD-0001",
    "machine_history_downtime_id": "",
    "machine_history_downtime_name": "",
    "machine_history_total_time": 0.031247,
    "machine_history_obs": "",
    "machine_history_missing_information": "true",
    "machine_history_description_missing_information": "",
    "machine_history_only_downtime": "true",
    "machine_history_only_production": "false",
    "machine_history_started_report": "2025-10-14 11:35:04.527988",
    "machine_history_finished_report": "2025-10-14 11:36:57.017883"
  }
},
{
  "action": "updated",
  "company_id": "",
  "type": "history",
  "data": {
    "machine_history_id": "9341CAB8DCCF42F0AFA299240906031C",
    "machine_id": "REC00003",
    "machine_history_started": "2025-10-14 11:36:57.017883",
    "machine_history_finished": "2025-10-14 11:38:36.442288",
    "machine_history_sensor_status": "OFFLINE",
    "machine_history_production_status": "Producao",
    "machine_history_shift_id": "",
    "machine_history_shift_name": "TURNO PADRÃO",
    "machine_history_shift_start": "2025-10-14 07:00:00.000000",
    "machine_history_shift_avaliable": "Disponível",
    "machine_history_shift_date_to_report": "2025-10-14 00:00:00.000000",
    "machine_history_shift_end": "2025-10-14 17:00:00.000000",
    "machine_history_user_shop_floor_id": "",
    "machine_history_production_title": "Ordem de Produção 001",
    "machine_history_user_shop_floor_name": "",
    "machine_history_production_id": "ORDEMPROD-0001",
    "machine_history_downtime_id": "",
    "machine_history_downtime_name": "",
    "machine_history_total_time": 0.027618,
    "machine_history_obs": "",
    "machine_history_missing_information": "true",
    "machine_history_description_missing_information": "",
    "machine_history_only_downtime": "false",
    "machine_history_only_production": "true",
    "machine_history_started_report": "2025-10-14 11:36:57.017883",
    "machine_history_finished_report": "2025-10-14 11:38:36.442288"
  }
},
{
  "action": "updated",
  "company_id": "",
  "type": "history",
  "data": {
    "machine_history_id": "72D8C8E13F704F7CBEB42DE3F5DC98E5",
    "machine_id": "REC00003",
    "machine_history_started": "2025-10-14 11:38:36.442288",
    "machine_history_finished": "2025-10-14 11:47:03.847458",
    "machine_history_sensor_status": "OFFLINE",
    "machine_history_production_status": "Parada",
    "machine_history_shift_id": "",
    "machine_history_shift_name": "TURNO PADRÃO",
    "machine_history_shift_start": "2025-10-14 07:00:00.000000",
    "machine_history_shift_avaliable": "Disponível",
    "machine_history_shift_date_to_report": "2025-10-14 00:00:00.000000",
    "machine_history_shift_end": "2025-10-14 17:00:00.000000",
    "machine_history_user_shop_floor_id": "",
    "machine_history_production_title": "Ordem de Produção 001",
    "machine_history_user_shop_floor_name": "",
    "machine_history_production_id": "ORDEMPROD-0001",
    "machine_history_downtime_id": "1",
    "machine_history_downtime_name": "Limpeza",
    "machine_history_total_time": 0.140946,
    "machine_history_obs": "",
    "machine_history_missing_information": "true",
    "machine_history_description_missing_information": "",
    "machine_history_only_downtime": "true",
    "machine_history_only_production": "false",
    "machine_history_started_report": "2025-10-14 11:38:36.442288",
    "machine_history_finished_report": "2025-10-14 11:47:03.847458"
  }
},
{
  "action": "updated",
  "company_id": "",
  "type": "history",
  "data": {
    "machine_history_id": "6F31003318354702AABADF5921ED5D7F",
    "machine_id": "REC00003",
    "machine_history_started": "2025-10-14 11:47:03.847458",
    "machine_history_finished": "2025-10-14 11:49:30.796091",
    "machine_history_sensor_status": "OFFLINE",
    "machine_history_production_status": "Producao",
    "machine_history_shift_id": "",
    "machine_history_shift_name": "TURNO PADRÃO",
    "machine_history_shift_start": "2025-10-14 07:00:00.000000",
    "machine_history_shift_avaliable": "Disponível",
    "machine_history_shift_date_to_report": "2025-10-14 00:00:00.000000",
    "machine_history_shift_end": "2025-10-14 17:00:00.000000",
    "machine_history_user_shop_floor_id": "",
    "machine_history_production_title": "Ordem de Produção 001",
    "machine_history_user_shop_floor_name": "",
    "machine_history_production_id": "ORDEMPROD-0001",
    "machine_history_downtime_id": "",
    "machine_history_downtime_name": "",
    "machine_history_total_time": 0.040819,
    "machine_history_obs": "",
    "machine_history_missing_information": "true",
    "machine_history_description_missing_information": "",
    "machine_history_only_downtime": "false",
    "machine_history_only_production": "true",
    "machine_history_started_report": "2025-10-14 11:47:03.847458",
    "machine_history_finished_report": "2025-10-14 11:49:30.796091"
  }
},
{
  "action": "updated",
  "company_id": "",
  "type": "history",
  "data": {
    "machine_history_id": "141F080149E24399A065C6802599FDC5",
    "machine_id": "REC00003",
    "machine_history_started": "2025-10-14 11:49:30.796091",
    "machine_history_finished": "2025-10-14 11:49:38.322149",
    "machine_history_sensor_status": "OFFLINE",
    "machine_history_production_status": "Parada",
    "machine_history_shift_id": "",
    "machine_history_shift_name": "TURNO PADRÃO",
    "machine_history_shift_start": "2025-10-14 07:00:00.000000",
    "machine_history_shift_avaliable": "Disponível",
    "machine_history_shift_date_to_report": "2025-10-14 00:00:00.000000",
    "machine_history_shift_end": "2025-10-14 17:00:00.000000",
    "machine_history_user_shop_floor_id": "",
    "machine_history_production_title": "Ordem de Produção 001",
    "machine_history_user_shop_floor_name": "",
    "machine_history_production_id": "ORDEMPROD-0001",
    "machine_history_downtime_id": "1",
    "machine_history_downtime_name": "Limpeza",
    "machine_history_total_time": 0.002091,
    "machine_history_obs": "",
    "machine_history_missing_information": "true",
    "machine_history_description_missing_information": "",
    "machine_history_only_downtime": "true",
    "machine_history_only_production": "false",
    "machine_history_started_report": "2025-10-14 11:49:30.796091",
    "machine_history_finished_report": "2025-10-14 11:49:38.322149"
  }
},
{
  "action": "updated",
  "company_id": "",
  "type": "history",
  "data": {
    "machine_history_id": "5E184DF0813D4E02823B3C4C2FDC67E8",
    "machine_id": "REC00003",
    "machine_history_started": "2025-10-14 11:49:38.322149",
    "machine_history_finished": "2025-10-14 15:52:55.060551",
    "machine_history_sensor_status": "OFFLINE",
    "machine_history_production_status": "Producao",
    "machine_history_shift_id": "",
    "machine_history_shift_name": "TURNO PADRÃO",
    "machine_history_shift_start": "2025-10-14 07:00:00.000000",
    "machine_history_shift_avaliable": "Disponível",
    "machine_history_shift_date_to_report": "2025-10-14 00:00:00.000000",
    "machine_history_shift_end": "2025-10-14 17:00:00.000000",
    "machine_history_user_shop_floor_id": "",
    "machine_history_production_title": "Ordem de Produção 001",
    "machine_history_user_shop_floor_name": "",
    "machine_history_production_id": "ORDEMPROD-0001",
    "machine_history_downtime_id": "",
    "machine_history_downtime_name": "",
    "machine_history_total_time": 4.05465,
    "machine_history_obs": "",
    "machine_history_missing_information": "true",
    "machine_history_description_missing_information": "",
    "machine_history_only_downtime": "false",
    "machine_history_only_production": "true",
    "machine_history_started_report": "2025-10-14 11:49:38.322149",
    "machine_history_finished_report": "2025-10-14 15:52:55.060551"
  }
},
{
  "action": "updated",
  "company_id": "",
  "type": "history",
  "data": {
    "machine_history_id": "D241B1C60F3C4C54A071A44F6A4A15EC",
    "machine_id": "REC00003",
    "machine_history_started": "2025-10-14 15:52:55.060551",
    "machine_history_finished": "2025-10-15 09:47:20.627671",
    "machine_history_sensor_status": "OFFLINE",
    "machine_history_production_status": "Parada",
    "machine_history_shift_id": "",
    "machine_history_shift_name": "TURNO PADRÃO",
    "machine_history_shift_start": "2025-10-14 07:00:00.000000",
    "machine_history_shift_avaliable": "Disponível",
    "machine_history_shift_date_to_report": "2025-10-14 00:00:00.000000",
    "machine_history_shift_end": "2025-10-14 17:00:00.000000",
    "machine_history_user_shop_floor_id": "",
    "machine_history_production_title": "Ordem de Produção 001",
    "machine_history_user_shop_floor_name": "",
    "machine_history_production_id": "ORDEMPROD-0001",
    "machine_history_downtime_id": "",
    "machine_history_downtime_name": "",
    "machine_history_total_time": 17.907102,
    "machine_history_obs": "",
    "machine_history_missing_information": "true",
    "machine_history_description_missing_information": "",
    "machine_history_only_downtime": "true",
    "machine_history_only_production": "false",
    "machine_history_started_report": "2025-10-14 15:52:55.060551",
    "machine_history_finished_report": "2025-10-15 09:47:20.627671"
  }
},
{
  "action": "updated",
  "company_id": "",
  "type": "history",
  "data": {
    "machine_history_id": "79156A4CD2F647A0A22E7A72BE55D30C",
    "machine_id": "REC00003",
    "machine_history_started": "2025-10-15 09:47:21.148520",
    "machine_history_finished": "2025-10-15 09:51:17.465075",
    "machine_history_sensor_status": "OFFLINE",
    "machine_history_production_status": "Parada",
    "machine_history_shift_id": "",
    "machine_history_shift_name": "TURNO PADRÃO",
    "machine_history_shift_start": "2025-10-15 07:00:00.000000",
    "machine_history_shift_avaliable": "Disponível",
    "machine_history_shift_date_to_report": "2025-10-15 00:00:00.000000",
    "machine_history_shift_end": "2025-10-15 17:00:00.000000",
    "machine_history_user_shop_floor_id": "",
    "machine_history_production_title": "",
    "machine_history_user_shop_floor_name": "",
    "machine_history_production_id": "",
    "machine_history_downtime_id": "",
    "machine_history_downtime_name": "",
    "machine_history_total_time": 0.065643,
    "machine_history_obs": "",
    "machine_history_missing_information": "true",
    "machine_history_description_missing_information": "",
    "machine_history_only_downtime": "true",
    "machine_history_only_production": "false",
    "machine_history_started_report": "2025-10-15 09:47:21.148520",
    "machine_history_finished_report": "2025-10-15 09:51:17.465075"
  }
},
{
  "action": "updated",
  "company_id": "",
  "type": "history",
  "data": {
    "machine_history_id": "86AEA00BDEA44E93AF7937D71FDFEE31",
    "machine_id": "REC00003",
    "machine_history_started": "2025-10-15 09:51:17.465075",
    "machine_history_finished": "2025-10-15 09:52:41.135502",
    "machine_history_sensor_status": "OFFLINE",
    "machine_history_production_status": "Producao",
    "machine_history_shift_id": "",
    "machine_history_shift_name": "TURNO PADRÃO",
    "machine_history_shift_start": "2025-10-15 07:00:00.000000",
    "machine_history_shift_avaliable": "Disponível",
    "machine_history_shift_date_to_report": "2025-10-15 00:00:00.000000",
    "machine_history_shift_end": "2025-10-15 17:00:00.000000",
    "machine_history_user_shop_floor_id": "",
    "machine_history_production_title": "",
    "machine_history_user_shop_floor_name": "",
    "machine_history_production_id": "",
    "machine_history_downtime_id": "",
    "machine_history_downtime_name": "",
    "machine_history_total_time": 0.023242,
    "machine_history_obs": "",
    "machine_history_missing_information": "true",
    "machine_history_description_missing_information": "",
    "machine_history_only_downtime": "false",
    "machine_history_only_production": "true",
    "machine_history_started_report": "2025-10-15 09:51:17.465075",
    "machine_history_finished_report": "2025-10-15 09:52:41.135502"
  }
},
{
  "action": "updated",
  "company_id": "",
  "type": "history",
  "data": {
    "machine_history_id": "EA38A1EC94474740BBE54BF6689BEC9F",
    "machine_id": "REC00003",
    "machine_history_started": "2025-10-15 09:52:41.135502",
    "machine_history_finished": "2025-10-15 09:56:28.881160",
    "machine_history_sensor_status": "OFFLINE",
    "machine_history_production_status": "Parada",
    "machine_history_shift_id": "",
    "machine_history_shift_name": "TURNO PADRÃO",
    "machine_history_shift_start": "2025-10-15 07:00:00.000000",
    "machine_history_shift_avaliable": "Disponível",
    "machine_history_shift_date_to_report": "2025-10-15 00:00:00.000000",
    "machine_history_shift_end": "2025-10-15 17:00:00.000000",
    "machine_history_user_shop_floor_id": "",
    "machine_history_production_title": "",
    "machine_history_user_shop_floor_name": "",
    "machine_history_production_id": "",
    "machine_history_downtime_id": "",
    "machine_history_downtime_name": "",
    "machine_history_total_time": 0.063263,
    "machine_history_obs": "",
    "machine_history_missing_information": "true",
    "machine_history_description_missing_information": "",
    "machine_history_only_downtime": "true",
    "machine_history_only_production": "false",
    "machine_history_started_report": "2025-10-15 09:52:41.135502",
    "machine_history_finished_report": "2025-10-15 09:56:28.881160"
  }
},
{
  "action": "updated",
  "company_id": "",
  "type": "history",
  "data": {
    "machine_history_id": "AE7A88DD7057444F8EE5C25C1566DE79",
    "machine_id": "REC00003",
    "machine_history_started": "2025-10-15 09:56:36.297811",
    "machine_history_finished": "2025-10-15 09:57:46.398771",
    "machine_history_sensor_status": "OFFLINE",
    "machine_history_production_status": "Parada",
    "machine_history_shift_id": "",
    "machine_history_shift_name": "TURNO PADRÃO",
    "machine_history_shift_start": "2025-10-15 07:00:00.000000",
    "machine_history_shift_avaliable": "Disponível",
    "machine_history_shift_date_to_report": "2025-10-15 00:00:00.000000",
    "machine_history_shift_end": "2025-10-15 17:00:00.000000",
    "machine_history_user_shop_floor_id": "",
    "machine_history_production_title": "",
    "machine_history_user_shop_floor_name": "",
    "machine_history_production_id": "",
    "machine_history_downtime_id": "",
    "machine_history_downtime_name": "",
    "machine_history_total_time": 0.019472,
    "machine_history_obs": "",
    "machine_history_missing_information": "false",
    "machine_history_description_missing_information": "",
    "machine_history_only_downtime": "true",
    "machine_history_only_production": "false",
    "machine_history_started_report": "2025-10-15 09:56:36.297811",
    "machine_history_finished_report": "2025-10-15 09:57:46.398771"
  }
},
{
  "action": "updated",
  "company_id": "",
  "type": "history",
  "data": {
    "machine_history_id": "0EB1B957AE3F47A5833B8F9E42D132D3",
    "machine_id": "REC00003",
    "machine_history_started": "2025-10-15 09:57:49.684501",
    "machine_history_finished": "2025-10-15 09:59:00.455672",
    "machine_history_sensor_status": "OFFLINE",
    "machine_history_production_status": "Parada",
    "machine_history_shift_id": "",
    "machine_history_shift_name": "TURNO PADRÃO",
    "machine_history_shift_start": "2025-10-15 07:00:00.000000",
    "machine_history_shift_avaliable": "Disponível",
    "machine_history_shift_date_to_report": "2025-10-15 00:00:00.000000",
    "machine_history_shift_end": "2025-10-15 17:00:00.000000",
    "machine_history_user_shop_floor_id": "",
    "machine_history_production_title": "",
    "machine_history_user_shop_floor_name": "",
    "machine_history_production_id": "",
    "machine_history_downtime_id": "",
    "machine_history_downtime_name": "",
    "machine_history_total_time": 0.019659,
    "machine_history_obs": "",
    "machine_history_missing_information": "false",
    "machine_history_description_missing_information": "",
    "machine_history_only_downtime": "true",
    "machine_history_only_production": "false",
    "machine_history_started_report": "2025-10-15 09:57:49.684501",
    "machine_history_finished_report": "2025-10-15 09:59:00.455672"
  }
},
{
  "action": "updated",
  "company_id": "",
  "type": "history",
  "data": {
    "machine_history_id": "7C91DF2E03BD42FFADB81B9E149394C6",
    "machine_id": "REC00003",
    "machine_history_started": "2025-10-15 09:59:04.844873",
    "machine_history_finished": "2025-10-15 10:02:26.419149",
    "machine_history_sensor_status": "OFFLINE",
    "machine_history_production_status": "Parada",
    "machine_history_shift_id": "",
    "machine_history_shift_name": "TURNO PADRÃO",
    "machine_history_shift_start": "2025-10-15 07:00:00.000000",
    "machine_history_shift_avaliable": "Disponível",
    "machine_history_shift_date_to_report": "2025-10-15 00:00:00.000000",
    "machine_history_shift_end": "2025-10-15 17:00:00.000000",
    "machine_history_user_shop_floor_id": "",
    "machine_history_production_title": "",
    "machine_history_user_shop_floor_name": "",
    "machine_history_production_id": "",
    "machine_history_downtime_id": "",
    "machine_history_downtime_name": "",
    "machine_history_total_time": 0.055993,
    "machine_history_obs": "",
    "machine_history_missing_information": "false",
    "machine_history_description_missing_information": "",
    "machine_history_only_downtime": "true",
    "machine_history_only_production": "false",
    "machine_history_started_report": "2025-10-15 09:59:04.844873",
    "machine_history_finished_report": "2025-10-15 10:02:26.419149"
  }
},
{
  "action": "updated",
  "company_id": "",
  "type": "history",
  "data": {
    "machine_history_id": "DF419B7D168849C786D2065DCC22B503",
    "machine_id": "REC00003",
    "machine_history_started": "2025-10-15 10:02:26.762782",
    "machine_history_finished": "2025-10-15 10:13:23.589165",
    "machine_history_sensor_status": "OFFLINE",
    "machine_history_production_status": "Parada",
    "machine_history_shift_id": "",
    "machine_history_shift_name": "TURNO PADRÃO",
    "machine_history_shift_start": "2025-10-15 07:00:00.000000",
    "machine_history_shift_avaliable": "Disponível",
    "machine_history_shift_date_to_report": "2025-10-15 00:00:00.000000",
    "machine_history_shift_end": "2025-10-15 17:00:00.000000",
    "machine_history_user_shop_floor_id": "",
    "machine_history_production_title": "",
    "machine_history_user_shop_floor_name": "",
    "machine_history_production_id": "",
    "machine_history_downtime_id": "",
    "machine_history_downtime_name": "",
    "machine_history_total_time": 0.182452,
    "machine_history_obs": "",
    "machine_history_missing_information": "false",
    "machine_history_description_missing_information": "",
    "machine_history_only_downtime": "true",
    "machine_history_only_production": "false",
    "machine_history_started_report": "2025-10-15 10:02:26.762782",
    "machine_history_finished_report": "2025-10-15 10:13:23.589165"
  }
},
{
  "action": "updated",
  "company_id": "",
  "type": "history",
  "data": {
    "machine_history_id": "79AE659D86C54B5C8E8C72F91DC62137",
    "machine_id": "REC00003",
    "machine_history_started": "2025-10-15 10:13:23.974969",
    "machine_history_finished": "2025-10-15 14:34:57.027276",
    "machine_history_sensor_status": "OFFLINE",
    "machine_history_production_status": "Parada",
    "machine_history_shift_id": "",
    "machine_history_shift_name": "TURNO PADRÃO",
    "machine_history_shift_start": "2025-10-15 07:00:00.000000",
    "machine_history_shift_avaliable": "Disponível",
    "machine_history_shift_date_to_report": "2025-10-15 00:00:00.000000",
    "machine_history_shift_end": "2025-10-15 17:00:00.000000",
    "machine_history_user_shop_floor_id": "",
    "machine_history_production_title": "",
    "machine_history_user_shop_floor_name": "",
    "machine_history_production_id": "",
    "machine_history_downtime_id": "",
    "machine_history_downtime_name": "",
    "machine_history_total_time": 4.359181,
    "machine_history_obs": "",
    "machine_history_missing_information": "false",
    "machine_history_description_missing_information": "",
    "machine_history_only_downtime": "true",
    "machine_history_only_production": "false",
    "machine_history_started_report": "2025-10-15 10:13:23.974969",
    "machine_history_finished_report": "2025-10-15 14:34:57.027276"
  }
},
{
  "action": "updated",
  "company_id": "",
  "type": "history",
  "data": {
    "machine_history_id": "6DDE57E7ED5D44DEB783067FD707AF2E",
    "machine_id": "REC00003",
    "machine_history_started": "2025-10-15 14:34:57.817486",
    "machine_history_finished": "2025-10-15 14:42:34.802666",
    "machine_history_sensor_status": "OFFLINE",
    "machine_history_production_status": "Parada",
    "machine_history_shift_id": "",
    "machine_history_shift_name": "TURNO PADRÃO",
    "machine_history_shift_start": "2025-10-15 07:00:00.000000",
    "machine_history_shift_avaliable": "Disponível",
    "machine_history_shift_date_to_report": "2025-10-15 00:00:00.000000",
    "machine_history_shift_end": "2025-10-15 17:00:00.000000",
    "machine_history_user_shop_floor_id": "",
    "machine_history_production_title": "",
    "machine_history_user_shop_floor_name": "",
    "machine_history_production_id": "",
    "machine_history_downtime_id": "",
    "machine_history_downtime_name": "",
    "machine_history_total_time": 0.12694,
    "machine_history_obs": "",
    "machine_history_missing_information": "false",
    "machine_history_description_missing_information": "",
    "machine_history_only_downtime": "true",
    "machine_history_only_production": "false",
    "machine_history_started_report": "2025-10-15 14:34:57.817486",
    "machine_history_finished_report": "2025-10-15 14:42:34.802666"
  }
},
{
  "action": "updated",
  "company_id": "",
  "type": "history",
  "data": {
    "machine_history_id": "2995FAF49F974CCB973CBA715E0C6A9D",
    "machine_id": "REC00003",
    "machine_history_started": "2025-10-15 14:42:35.254050",
    "machine_history_finished": "2025-10-16 07:57:40.385428",
    "machine_history_sensor_status": "OFFLINE",
    "machine_history_production_status": "Parada",
    "machine_history_shift_id": "",
    "machine_history_shift_name": "TURNO PADRÃO",
    "machine_history_shift_start": "2025-10-15 07:00:00.000000",
    "machine_history_shift_avaliable": "Disponível",
    "machine_history_shift_date_to_report": "2025-10-15 00:00:00.000000",
    "machine_history_shift_end": "2025-10-15 17:00:00.000000",
    "machine_history_user_shop_floor_id": "",
    "machine_history_production_title": "",
    "machine_history_user_shop_floor_name": "",
    "machine_history_production_id": "",
    "machine_history_downtime_id": "",
    "machine_history_downtime_name": "",
    "machine_history_total_time": 17.251425,
    "machine_history_obs": "",
    "machine_history_missing_information": "false",
    "machine_history_description_missing_information": "",
    "machine_history_only_downtime": "true",
    "machine_history_only_production": "false",
    "machine_history_started_report": "2025-10-15 14:42:35.254050",
    "machine_history_finished_report": "2025-10-16 07:57:40.385428"
  }
},
{
  "action": "updated",
  "company_id": "",
  "type": "history",
  "data": {
    "machine_history_id": "4CB6B699F5BA42D0A9E0C03CE887D05F",
    "machine_id": "REC00003",
    "machine_history_started": "2025-10-16 07:57:22.743503",
    "machine_history_finished": "2025-10-16 07:57:41.854450",
    "machine_history_sensor_status": "",
    "machine_history_production_status": "Producao",
    "machine_history_shift_id": "",
    "machine_history_shift_name": "TURNO PADRÃO",
    "machine_history_shift_start": "2025-10-16 07:00:00.000000",
    "machine_history_shift_avaliable": "Disponível",
    "machine_history_shift_date_to_report": "2025-10-16 00:00:00.000000",
    "machine_history_shift_end": "2025-10-16 17:00:00.000000",
    "machine_history_user_shop_floor_id": "",
    "machine_history_production_title": "",
    "machine_history_user_shop_floor_name": "",
    "machine_history_production_id": "",
    "machine_history_downtime_id": "",
    "machine_history_downtime_name": "",
    "machine_history_total_time": 0.005309,
    "machine_history_obs": "",
    "machine_history_missing_information": "false",
    "machine_history_description_missing_information": "",
    "machine_history_only_downtime": "false",
    "machine_history_only_production": "true",
    "machine_history_started_report": "2025-10-16 00:00:00.000000",
    "machine_history_finished_report": "2025-10-16 07:57:41.854450"
  }
},
{
  "action": "updated",
  "company_id": "",
  "type": "history",
  "data": {
    "machine_history_id": "BEEC7B97ACF44F5393AC946D0432A9F4",
    "machine_id": "REC00003",
    "machine_history_started": "2025-10-16 07:57:40.708510",
    "machine_history_finished": "2025-10-16 09:51:53.295162",
    "machine_history_sensor_status": "OFFLINE",
    "machine_history_production_status": "Parada",
    "machine_history_shift_id": "",
    "machine_history_shift_name": "TURNO PADRÃO",
    "machine_history_shift_start": "2025-10-16 07:00:00.000000",
    "machine_history_shift_avaliable": "Disponível",
    "machine_history_shift_date_to_report": "2025-10-16 00:00:00.000000",
    "machine_history_shift_end": "2025-10-16 17:00:00.000000",
    "machine_history_user_shop_floor_id": "",
    "machine_history_production_title": "",
    "machine_history_user_shop_floor_name": "",
    "machine_history_production_id": "",
    "machine_history_downtime_id": "",
    "machine_history_downtime_name": "",
    "machine_history_total_time": 1.903496,
    "machine_history_obs": "",
    "machine_history_missing_information": "false",
    "machine_history_description_missing_information": "",
    "machine_history_only_downtime": "true",
    "machine_history_only_production": "false",
    "machine_history_started_report": "2025-10-16 07:57:40.708510",
    "machine_history_finished_report": "2025-10-16 09:51:53.295162"
  }
},
{
  "action": "updated",
  "company_id": "",
  "type": "history",
  "data": {
    "machine_history_id": "A61764AA4A504A52ACE9E917BDA6143E",
    "machine_id": "REC00003",
    "machine_history_started": "2025-10-16 07:57:41.955056",
    "machine_history_finished": "2025-10-16 09:51:56.214215",
    "machine_history_sensor_status": "OFFLINE",
    "machine_history_production_status": "Parada",
    "machine_history_shift_id": "",
    "machine_history_shift_name": "TURNO PADRÃO",
    "machine_history_shift_start": "2025-10-16 07:00:00.000000",
    "machine_history_shift_avaliable": "Disponível",
    "machine_history_shift_date_to_report": "2025-10-16 00:00:00.000000",
    "machine_history_shift_end": "2025-10-16 17:00:00.000000",
    "machine_history_user_shop_floor_id": "",
    "machine_history_production_title": "",
    "machine_history_user_shop_floor_name": "",
    "machine_history_production_id": "",
    "machine_history_downtime_id": "",
    "machine_history_downtime_name": "",
    "machine_history_total_time": 1.903961,
    "machine_history_obs": "",
    "machine_history_missing_information": "false",
    "machine_history_description_missing_information": "",
    "machine_history_only_downtime": "true",
    "machine_history_only_production": "false",
    "machine_history_started_report": "2025-10-16 07:57:41.955056",
    "machine_history_finished_report": "2025-10-16 09:51:56.214215"
  }
},
{
  "action": "updated",
  "company_id": "",
  "type": "history",
  "data": {
    "machine_history_id": "9BBADE26EC8142678DDA71F483C182A0",
    "machine_id": "REC00003",
    "machine_history_started": "2025-10-16 09:51:53.677685",
    "machine_history_finished": "2025-10-16 09:55:11.037068",
    "machine_history_sensor_status": "OFFLINE",
    "machine_history_production_status": "Parada",
    "machine_history_shift_id": "",
    "machine_history_shift_name": "TURNO PADRÃO",
    "machine_history_shift_start": "2025-10-16 07:00:00.000000",
    "machine_history_shift_avaliable": "Disponível",
    "machine_history_shift_date_to_report": "2025-10-16 00:00:00.000000",
    "machine_history_shift_end": "2025-10-16 17:00:00.000000",
    "machine_history_user_shop_floor_id": "",
    "machine_history_production_title": "Ordem de Produção 001",
    "machine_history_user_shop_floor_name": "",
    "machine_history_production_id": "ORDEMPROD-0001",
    "machine_history_downtime_id": "",
    "machine_history_downtime_name": "",
    "machine_history_total_time": 0.054822,
    "machine_history_obs": "",
    "machine_history_missing_information": "true",
    "machine_history_description_missing_information": "",
    "machine_history_only_downtime": "true",
    "machine_history_only_production": "false",
    "machine_history_started_report": "2025-10-16 09:51:53.677685",
    "machine_history_finished_report": "2025-10-16 09:55:11.037068"
  }
},
